region,model,layer,view,n_pairs,rho,p_perm,null_sd
MTL,alexnet,conv1,gap,6886,0.02419003286967289,0.03980099502487562,0.012427760784508104
MFC,alexnet,conv1,gap,6886,0.015337511421306653,0.08955223880597014,0.010394943015756676
amygdala,alexnet,conv1,gap,5987,0.02604404635661758,0.004975124378109453,0.009252849900108709
hippocampus,alexnet,conv1,gap,6200,0.005386876377818314,0.35323383084577115,0.011672130915448529
MTL_concept,alexnet,conv1,gap,5681,0.03685416294801316,0.004975124378109453,0.012435565862877248
MTL,alexnet,conv2,gap,6886,0.06787912419168805,0.004975124378109453,0.012009617135479326
MFC,alexnet,conv2,gap,6886,0.02539137368547069,0.014925373134328358,0.011224729984207264
amygdala,alexnet,conv2,gap,5987,0.06817105265642653,0.004975124378109453,0.012045615099452582
hippocampus,alexnet,conv2,gap,6200,0.015132596070984812,0.13432835820895522,0.012625385148957391
MTL_concept,alexnet,conv2,gap,5681,0.08629313364150534,0.004975124378109453,0.012474510915828574
MTL,alexnet,conv3,gap,6886,0.07904991980621554,0.004975124378109453,0.01227012322693763
MFC,alexnet,conv3,gap,6886,0.025707304195112628,0.01990049751243781,0.01099558340676897
amygdala,alexnet,conv3,gap,5987,0.06974971568638329,0.004975124378109453,0.01291943637042047
hippocampus,alexnet,conv3,gap,6200,0.024062590287943896,0.009950248756218905,0.010782713159295182
MTL_concept,alexnet,conv3,gap,5681,0.09043399361491321,0.004975124378109453,0.013041936336236827
MTL,alexnet,conv4,gap,6886,0.10196970562845001,0.004975124378109453,0.011759365785548506
MFC,alexnet,conv4,gap,6886,0.031001367159973016,0.009950248756218905,0.011768780072870183
amygdala,alexnet,conv4,gap,5987,0.10974345983286084,0.004975124378109453,0.011833508344144102
hippocampus,alexnet,conv4,gap,6200,0.015227543039371785,0.12437810945273632,0.011633288528255762
MTL_concept,alexnet,conv4,gap,5681,0.11546048447648011,0.004975124378109453,0.013635673852074148
MTL,alexnet,conv5,gap,6886,0.08373804787808699,0.004975124378109453,0.012643918274180837
MFC,alexnet,conv5,gap,6886,0.03089453195018415,0.004975124378109453,0.010998759093562852
amygdala,alexnet,conv5,gap,5987,0.09188838548784667,0.004975124378109453,0.012384132230784493
hippocampus,alexnet,conv5,gap,6200,0.017146343876289386,0.07462686567164178,0.012337711144374701
MTL_concept,alexnet,conv5,gap,5681,0.10357308336034843,0.004975124378109453,0.012681651427559745
MTL,alexnet,fc6,gap,6886,0.0871177511949364,0.004975124378109453,0.01273626473862565
MFC,alexnet,fc6,gap,6886,0.03189462512069384,0.004975124378109453,0.01055372597799651
amygdala,alexnet,fc6,gap,5987,0.08644102113647172,0.004975124378109453,0.012735636606411624
hippocampus,alexnet,fc6,gap,6200,0.018503472377605915,0.06965174129353234,0.011405553295699833
MTL_concept,alexnet,fc6,gap,5681,0.1033958542938088,0.004975124378109453,0.012915471886795508
MTL,alexnet,fc7,gap,6886,0.08544376117535751,0.004975124378109453,0.012360240337693179
MFC,alexnet,fc7,gap,6886,0.028365264242046617,0.004975124378109453,0.01065521260681334
amygdala,alexnet,fc7,gap,5987,0.08619892131859175,0.004975124378109453,0.012891527445185196
hippocampus,alexnet,fc7,gap,6200,0.017484416305259796,0.0945273631840796,0.012474764132834366
MTL_concept,alexnet,fc7,gap,5681,0.10486477968486538,0.004975124378109453,0.012759051437291136
MTL,alexnet,logits,gap,6886,0.09226509676680195,0.004975124378109453,0.01153420038530707
MFC,alexnet,logits,gap,6886,0.024243099047816446,0.014925373134328358,0.009941044559127862
amygdala,alexnet,logits,gap,5987,0.07516389058711892,0.004975124378109453,0.010727877361977094
hippocampus,alexnet,logits,gap,6200,0.02615646244671452,0.014925373134328358,0.01141711314607949
MTL_concept,alexnet,logits,gap,5681,0.09568984578469673,0.004975124378109453,0.012271487475537954
MTL,vgg16,conv1_2,gap,6886,0.026453419563993837,0.024875621890547265,0.012472251838726177
MFC,vgg16,conv1_2,gap,6886,0.015121140083668539,0.08955223880597014,0.010913509651607343
amygdala,vgg16,conv1_2,gap,5987,0.032664250372479456,0.009950248756218905,0.012143514282221345
hippocampus,vgg16,conv1_2,gap,6200,-0.0018415317754547165,0.5572139303482587,0.011196485678543543
MTL_concept,vgg16,conv1_2,gap,5681,0.03722260026165361,0.009950248756218905,0.013272349567354076
MTL,vgg16,conv2_2,gap,6886,0.0562836782746896,0.004975124378109453,0.012464589628903905
MFC,vgg16,conv2_2,gap,6886,0.017715772191932384,0.04477611940298507,0.010465793994617029
amygdala,vgg16,conv2_2,gap,5987,0.055385939442677334,0.004975124378109453,0.012435829827814807
hippocampus,vgg16,conv2_2,gap,6200,0.017464668704369492,0.06965174129353234,0.011645688637379688
MTL_concept,vgg16,conv2_2,gap,5681,0.07450127664801683,0.004975124378109453,0.012361606314173065
MTL,vgg16,conv3_3,gap,6886,0.0798517166061398,0.004975124378109453,0.012309128302061371
MFC,vgg16,conv3_3,gap,6886,0.021343245447544283,0.029850746268656716,0.010953209575978489
amygdala,vgg16,conv3_3,gap,5987,0.07221642609378781,0.004975124378109453,0.011308449840098867
hippocampus,vgg16,conv3_3,gap,6200,0.02001298748786533,0.04477611940298507,0.011514062880469609
MTL_concept,vgg16,conv3_3,gap,5681,0.09655088171126813,0.004975124378109453,0.012219047890711437
MTL,vgg16,conv4_3,gap,6886,0.10111872551522222,0.004975124378109453,0.012676550748569179
MFC,vgg16,conv4_3,gap,6886,0.02325212144130563,0.01990049751243781,0.011059074578058338
amygdala,vgg16,conv4_3,gap,5987,0.09871149183409697,0.004975124378109453,0.011857917413634709
hippocampus,vgg16,conv4_3,gap,6200,0.017288395761164,0.08955223880597014,0.012019051704405096
MTL_concept,vgg16,conv4_3,gap,5681,0.11459916669126992,0.004975124378109453,0.012304374387949067
MTL,vgg16,conv5_3,gap,6886,0.09340202778836577,0.004975124378109453,0.01299392815479658
MFC,vgg16,conv5_3,gap,6886,0.02342649312731618,0.01990049751243781,0.011407312458482656
amygdala,vgg16,conv5_3,gap,5987,0.0902380865313554,0.004975124378109453,0.012184065495782216
hippocampus,vgg16,conv5_3,gap,6200,0.025360885137023625,0.03482587064676617,0.012288831675373748
MTL_concept,vgg16,conv5_3,gap,5681,0.10046152411033493,0.004975124378109453,0.014355041956423325
MTL,vgg16,fc6,gap,6886,0.08598529510731209,0.004975124378109453,0.012374668750577737
MFC,vgg16,fc6,gap,6886,0.026085025640761733,0.009950248756218905,0.011017142892580307
amygdala,vgg16,fc6,gap,5987,0.07376038929011708,0.004975124378109453,0.011676049302951377
hippocampus,vgg16,fc6,gap,6200,0.02934565760773002,0.004975124378109453,0.011695359253530628
MTL_concept,vgg16,fc6,gap,5681,0.09751250222939022,0.004975124378109453,0.012150968237385087
MTL,vgg16,fc7,gap,6886,0.09772001273794785,0.004975124378109453,0.01229792491404603
MFC,vgg16,fc7,gap,6886,0.02152963422604989,0.014925373134328358,0.010487374577405971
amygdala,vgg16,fc7,gap,5987,0.0918141425353158,0.004975124378109453,0.01308052339439718
hippocampus,vgg16,fc7,gap,6200,0.031506111270808,0.004975124378109453,0.011923636400664777
MTL_concept,vgg16,fc7,gap,5681,0.10740156934943154,0.004975124378109453,0.013943231535138222
MTL,vgg16,logits,gap,6886,0.0980013132402324,0.004975124378109453,0.012514320777019004
MFC,vgg16,logits,gap,6886,0.02101346699265005,0.04975124378109453,0.011529587014562293
amygdala,vgg16,logits,gap,5987,0.08031591907604643,0.004975124378109453,0.012554087605733644
hippocampus,vgg16,logits,gap,6200,0.03341029557854512,0.009950248756218905,0.011660259147611752
MTL_concept,vgg16,logits,gap,5681,0.1010922075382453,0.004975124378109453,0.011553859425923733
MTL,resnet18,stem,gap,6886,0.02038179732725461,0.05472636815920398,0.012556552534589495
MFC,resnet18,stem,gap,6886,0.006248244001401312,0.29850746268656714,0.009712295875694115
amygdala,resnet18,stem,gap,5987,0.015787136053216497,0.1044776119402985,0.01090995655075836
hippocampus,resnet18,stem,gap,6200,0.0056893020409612746,0.26865671641791045,0.01024899722049606
MTL_concept,resnet18,stem,gap,5681,0.02906088481279584,0.01990049751243781,0.01283617614951596
MTL,resnet18,layer1,gap,6886,0.038648168125193436,0.004975124378109453,0.013592747413329298
MFC,resnet18,layer1,gap,6886,0.008649226729187099,0.18407960199004975,0.00951455356285144
amygdala,resnet18,layer1,gap,5987,0.02302682205380404,0.024875621890547265,0.010386783516377467
hippocampus,resnet18,layer1,gap,6200,0.015117070886462313,0.07960199004975124,0.010274054543298106
MTL_concept,resnet18,layer1,gap,5681,0.04207620566192886,0.004975124378109453,0.011279563364450781
MTL,resnet18,layer2,gap,6886,0.06898530224176302,0.004975124378109453,0.013220970556181084
MFC,resnet18,layer2,gap,6886,0.015538848056967614,0.1044776119402985,0.010494751173891238
amygdala,resnet18,layer2,gap,5987,0.05072420443309251,0.004975124378109453,0.010809140238701253
hippocampus,resnet18,layer2,gap,6200,0.021288696210861154,0.024875621890547265,0.010161207485547427
MTL_concept,resnet18,layer2,gap,5681,0.07915666680132097,0.004975124378109453,0.011840002708966891
MTL,resnet18,layer3,gap,6886,0.09113275178027609,0.004975124378109453,0.011591439411112002
MFC,resnet18,layer3,gap,6886,0.020007866342583162,0.03980099502487562,0.01102631455762879
amygdala,resnet18,layer3,gap,5987,0.09270793711840392,0.004975124378109453,0.01228252738759532
hippocampus,resnet18,layer3,gap,6200,0.012413385785244308,0.13930348258706468,0.011355573135344273
MTL_concept,resnet18,layer3,gap,5681,0.10268060915093262,0.004975124378109453,0.01218300184864191
MTL,resnet18,layer4,gap,6886,0.10429261152966512,0.004975124378109453,0.011530611441689069
MFC,resnet18,layer4,gap,6886,0.033066085984323805,0.004975124378109453,0.011343771366444483
amygdala,resnet18,layer4,gap,5987,0.09926210462113386,0.004975124378109453,0.011751246069062249
hippocampus,resnet18,layer4,gap,6200,0.036099683878032376,0.004975124378109453,0.011966348101160512
MTL_concept,resnet18,layer4,gap,5681,0.1168018867830255,0.004975124378109453,0.012317709377580767
MTL,resnet18,avgpool,gap,6886,0.10429261152966512,0.004975124378109453,0.01132513505228309
MFC,resnet18,avgpool,gap,6886,0.033066085984323805,0.009950248756218905,0.011165929433082328
amygdala,resnet18,avgpool,gap,5987,0.09926210462113386,0.004975124378109453,0.01185839147083571
hippocampus,resnet18,avgpool,gap,6200,0.036099683878032376,0.004975124378109453,0.012504301226022101
MTL_concept,resnet18,avgpool,gap,5681,0.1168018867830255,0.004975124378109453,0.012595177097653934
MTL,resnet18,logits,gap,6886,0.10023182635805893,0.004975124378109453,0.013325683532593615
MFC,resnet18,logits,gap,6886,0.03054914485672382,0.004975124378109453,0.00969869871088668
amygdala,resnet18,logits,gap,5987,0.0895829139793767,0.004975124378109453,0.010871982755394829
hippocampus,resnet18,logits,gap,6200,0.03382475316104451,0.004975124378109453,0.011290447167084725
MTL_concept,resnet18,logits,gap,5681,0.11719538870255163,0.004975124378109453,0.012954018408306019
MTL,resnet50,stem,gap,6886,0.01643644042689565,0.07960199004975124,0.01130484235986807
MFC,resnet50,stem,gap,6886,-0.0020535590993654247,0.5970149253731343,0.0111484956664386
amygdala,resnet50,stem,gap,5987,0.003742758765265936,0.43781094527363185,0.011391637704142185
hippocampus,resnet50,stem,gap,6200,0.014904441734946402,0.07462686567164178,0.01086801922491092
MTL_concept,resnet50,stem,gap,5681,0.019885385820908295,0.06467661691542288,0.01186815600571976
MTL,resnet50,layer1,gap,6886,0.024576243662153746,0.04477611940298507,0.013425648078621316
MFC,resnet50,layer1,gap,6886,0.010217288011193634,0.13432835820895522,0.008938752761936399
amygdala,resnet50,layer1,gap,5987,0.011972489337346598,0.10945273631840796,0.009550123014085983
hippocampus,resnet50,layer1,gap,6200,0.01372890223730902,0.0945273631840796,0.009521708806469931
MTL_concept,resnet50,layer1,gap,5681,0.027514351594305295,0.009950248756218905,0.01075313751923189
MTL,resnet50,layer2,gap,6886,0.03723056913889241,0.004975124378109453,0.012439631881103067
MFC,resnet50,layer2,gap,6886,0.004524044642137567,0.32338308457711445,0.008840392803572144
amygdala,resnet50,layer2,gap,5987,0.021978657164306234,0.01990049751243781,0.010228725788434062
hippocampus,resnet50,layer2,gap,6200,0.013890356341902048,0.10945273631840796,0.009824220210894852
MTL_concept,resnet50,layer2,gap,5681,0.04375409894686488,0.004975124378109453,0.011116054657042086
MTL,resnet50,layer3,gap,6886,0.0771151845127727,0.004975124378109453,0.01232506067666597
MFC,resnet50,layer3,gap,6886,0.021624947961559695,0.009950248756218905,0.009525471197501124
amygdala,resnet50,layer3,gap,5987,0.06799365860643676,0.004975124378109453,0.009516816015699857
hippocampus,resnet50,layer3,gap,6200,0.020804725097463304,0.03980099502487562,0.010670115350004115
MTL_concept,resnet50,layer3,gap,5681,0.08082165781317123,0.004975124378109453,0.010865955996553931
MTL,resnet50,layer4,gap,6886,0.11596647512314008,0.004975124378109453,0.011494444065838981
MFC,resnet50,layer4,gap,6886,0.026532484121477327,0.009950248756218905,0.01189015115913493
amygdala,resnet50,layer4,gap,5987,0.10448954520376015,0.004975124378109453,0.01262884934435147
hippocampus,resnet50,layer4,gap,6200,0.03125924507458873,0.014925373134328358,0.01141523439290943
MTL_concept,resnet50,layer4,gap,5681,0.12342602238575344,0.004975124378109453,0.01329564206539825
MTL,resnet50,avgpool,gap,6886,0.11596647512314008,0.004975124378109453,0.012922813856175554
MFC,resnet50,avgpool,gap,6886,0.026532484121477327,0.014925373134328358,0.011052401914396619
amygdala,resnet50,avgpool,gap,5987,0.10448954520376015,0.004975124378109453,0.013054129401855076
hippocampus,resnet50,avgpool,gap,6200,0.03125924507458873,0.014925373134328358,0.012075576690502954
MTL_concept,resnet50,avgpool,gap,5681,0.12342602238575344,0.004975124378109453,0.011205503992426412
MTL,resnet50,logits,gap,6886,0.09456572153199318,0.004975124378109453,0.013276288244825012
MFC,resnet50,logits,gap,6886,0.0214863261504175,0.03482587064676617,0.011203000514833824
amygdala,resnet50,logits,gap,5987,0.08783202842550654,0.004975124378109453,0.013026386539198813
hippocampus,resnet50,logits,gap,6200,0.03980703319593809,0.004975124378109453,0.010802368383667792
MTL_concept,resnet50,logits,gap,5681,0.10517930322991796,0.004975124378109453,0.01341961935031187
MTL,convnext_tiny,stage1,gap,6886,0.020943537178866822,0.04477611940298507,0.012214518133217186
MFC,convnext_tiny,stage1,gap,6886,-0.000826495075973587,0.6169154228855721,0.009144201091411062
amygdala,convnext_tiny,stage1,gap,5987,0.009843285850757623,0.1890547263681592,0.010418684296889883
hippocampus,convnext_tiny,stage1,gap,6200,0.013068984957264555,0.06467661691542288,0.008868553281675472
MTL_concept,convnext_tiny,stage1,gap,5681,0.03126750700882302,0.004975124378109453,0.011372404582102166
MTL,convnext_tiny,stage2,gap,6886,0.025290452240730846,0.04477611940298507,0.012787251145912747
MFC,convnext_tiny,stage2,gap,6886,0.006002465309161396,0.24875621890547264,0.01001944365730405
amygdala,convnext_tiny,stage2,gap,5987,0.017777782052222652,0.04975124378109453,0.010095711761888101
hippocampus,convnext_tiny,stage2,gap,6200,0.012015925769936571,0.13930348258706468,0.010653728119171514
MTL_concept,convnext_tiny,stage2,gap,5681,0.042476356833892365,0.004975124378109453,0.012259402667268476
MTL,convnext_tiny,stage3,gap,6886,0.0668485321734043,0.004975124378109453,0.012174123541093226
MFC,convnext_tiny,stage3,gap,6886,0.01985490526794903,0.01990049751243781,0.008128138967853213
amygdala,convnext_tiny,stage3,gap,5987,0.06132444804335381,0.004975124378109453,0.00998730983072923
hippocampus,convnext_tiny,stage3,gap,6200,0.019155655727570352,0.024875621890547265,0.009233000157048777
MTL_concept,convnext_tiny,stage3,gap,5681,0.06459763318539866,0.004975124378109453,0.010454154282189392
MTL,convnext_tiny,stage4,gap,6886,0.0806808778859297,0.004975124378109453,0.013568009537930038
MFC,convnext_tiny,stage4,gap,6886,-0.0037493642997403873,0.6417910447761194,0.00832607030026333
amygdala,convnext_tiny,stage4,gap,5987,0.06159432511315531,0.004975124378109453,0.009551280473245086
hippocampus,convnext_tiny,stage4,gap,6200,0.03992621278607359,0.004975124378109453,0.009195975117573465
MTL_concept,convnext_tiny,stage4,gap,5681,0.07648679640071356,0.004975124378109453,0.012055144677588907
MTL,convnext_tiny,avgpool,gap,6886,0.0806808778859297,0.004975124378109453,0.013393924903895578
MFC,convnext_tiny,avgpool,gap,6886,-0.0037493642997403873,0.6766169154228856,0.009542277104581477
amygdala,convnext_tiny,avgpool,gap,5987,0.06159432511315531,0.004975124378109453,0.009668324266125421
hippocampus,convnext_tiny,avgpool,gap,6200,0.03992621278607359,0.004975124378109453,0.00990785285822929
MTL_concept,convnext_tiny,avgpool,gap,5681,0.07648679640071356,0.004975124378109453,0.0101370734627395
MTL,convnext_tiny,logits,gap,6886,0.10082903087106258,0.004975124378109453,0.012061452105752839
MFC,convnext_tiny,logits,gap,6886,0.0010878367792526164,0.47761194029850745,0.011786759181438579
amygdala,convnext_tiny,logits,gap,5987,0.08701855184996153,0.004975124378109453,0.012190377853735085
hippocampus,convnext_tiny,logits,gap,6200,0.041188130052937005,0.004975124378109453,0.011559013158885868
MTL_concept,convnext_tiny,logits,gap,5681,0.098829718067135,0.004975124378109453,0.012671662304125343
MTL,vit_b_16,block2,cls,6886,0.030514954805834396,0.01990049751243781,0.013470180338750725
MFC,vit_b_16,block2,cls,6886,0.013088364809808416,0.06467661691542288,0.00899793850592005
amygdala,vit_b_16,block2,cls,5987,0.025756349222372025,0.009950248756218905,0.010623503486043032
hippocampus,vit_b_16,block2,cls,6200,0.01038554968078685,0.17412935323383086,0.009703825398830829
MTL_concept,vit_b_16,block2,cls,5681,0.04394688518346568,0.004975124378109453,0.010636365529893303
MTL,vit_b_16,block2,gap,6886,0.05010773714151055,0.004975124378109453,0.012515536355465267
MFC,vit_b_16,block2,gap,6886,0.014593906420069686,0.05970149253731343,0.009863760545007967
amygdala,vit_b_16,block2,gap,5987,0.03307376695021961,0.009950248756218905,0.011595117061709303
hippocampus,vit_b_16,block2,gap,6200,0.01813126851469212,0.06467661691542288,0.011617308910440615
MTL_concept,vit_b_16,block2,gap,5681,0.06066809735638823,0.004975124378109453,0.01288316572336343
MTL,vit_b_16,block5,cls,6886,0.02894530163601542,0.01990049751243781,0.013566734539934197
MFC,vit_b_16,block5,cls,6886,0.013337831062548891,0.07462686567164178,0.008782657204300144
amygdala,vit_b_16,block5,cls,5987,0.0200311675891307,0.03482587064676617,0.009835406449087813
hippocampus,vit_b_16,block5,cls,6200,0.016222832335381198,0.05970149253731343,0.009712032209327552
MTL_concept,vit_b_16,block5,cls,5681,0.04370935842851932,0.004975124378109453,0.010499805020263486
MTL,vit_b_16,block5,gap,6886,0.06582828400550503,0.004975124378109453,0.01262680796177305
MFC,vit_b_16,block5,gap,6886,0.014253031674029462,0.05970149253731343,0.009080280982178153
amygdala,vit_b_16,block5,gap,5987,0.04776737243939823,0.004975124378109453,0.011512218338209947
hippocampus,vit_b_16,block5,gap,6200,0.016565459521039414,0.0945273631840796,0.011682347409444
MTL_concept,vit_b_16,block5,gap,5681,0.06962937157643519,0.004975124378109453,0.012782910253510632
MTL,vit_b_16,block8,cls,6886,0.06257224095224229,0.004975124378109453,0.013420991747735957
MFC,vit_b_16,block8,cls,6886,0.01565282126427461,0.05970149253731343,0.010035352925678228
amygdala,vit_b_16,block8,cls,5987,0.047894188803875574,0.004975124378109453,0.011059781310770733
hippocampus,vit_b_16,block8,cls,6200,0.024086822934867816,0.024875621890547265,0.010977686581743374
MTL_concept,vit_b_16,block8,cls,5681,0.061747317329284505,0.004975124378109453,0.012157520928480652
MTL,vit_b_16,block8,gap,6886,0.08377666771144449,0.004975124378109453,0.012516015586049666
MFC,vit_b_16,block8,gap,6886,0.01878966727174717,0.05472636815920398,0.009488675290844153
amygdala,vit_b_16,block8,gap,5987,0.06865589236174732,0.004975124378109453,0.010309763606585866
hippocampus,vit_b_16,block8,gap,6200,0.02357084106165702,0.004975124378109453,0.009816552775666431
MTL_concept,vit_b_16,block8,gap,5681,0.08748880541069874,0.004975124378109453,0.01099543943767265
MTL,vit_b_16,block11,cls,6886,0.04727689434666894,0.004975124378109453,0.01314517509275973
MFC,vit_b_16,block11,cls,6886,0.013796679886640371,0.06965174129353234,0.008903236415791972
amygdala,vit_b_16,block11,cls,5987,0.04644911916459893,0.004975124378109453,0.010440866590544882
hippocampus,vit_b_16,block11,cls,6200,0.022562774726669524,0.01990049751243781,0.009970235323203902
MTL_concept,vit_b_16,block11,cls,5681,0.06084100403414469,0.004975124378109453,0.010611924589052156
MTL,vit_b_16,block11,gap,6886,0.11446348011326614,0.004975124378109453,0.011694134991022441
MFC,vit_b_16,block11,gap,6886,0.014608837959366006,0.10945273631840796,0.010461695965815351
amygdala,vit_b_16,block11,gap,5987,0.10522515450592923,0.004975124378109453,0.010585752315946181
hippocampus,vit_b_16,block11,gap,6200,0.0359429231206477,0.009950248756218905,0.010523951556962197
MTL_concept,vit_b_16,block11,gap,5681,0.11858956359871675,0.004975124378109453,0.01244464585313701
MTL,vit_b_16,ln,cls,6886,0.07794934218132696,0.004975124378109453,0.011879090636778411
MFC,vit_b_16,ln,cls,6886,0.006038949524437887,0.373134328358209,0.01116088192448892
amygdala,vit_b_16,ln,cls,5987,0.06714909720770164,0.004975124378109453,0.012560523010380156
hippocampus,vit_b_16,ln,cls,6200,0.024291455073480874,0.024875621890547265,0.01085240344995056
MTL_concept,vit_b_16,ln,cls,5681,0.07984259992202819,0.004975124378109453,0.011890596369134882
MTL,vit_b_16,ln,gap,6886,0.11663431398789904,0.004975124378109453,0.012959694305902806
MFC,vit_b_16,ln,gap,6886,0.019544245408396797,0.04975124378109453,0.010295190889471345
amygdala,vit_b_16,ln,gap,5987,0.11373832880980816,0.004975124378109453,0.011777304504288965
hippocampus,vit_b_16,ln,gap,6200,0.03755544477304046,0.004975124378109453,0.009943271740118232
MTL_concept,vit_b_16,ln,gap,5681,0.13122826456161388,0.004975124378109453,0.012217887488656884
MTL,vit_b_16,logits,gap,6886,0.07620971228765651,0.004975124378109453,0.012214459603764933
MFC,vit_b_16,logits,gap,6886,0.010278933574922922,0.14427860696517414,0.010865713483051655
amygdala,vit_b_16,logits,gap,5987,0.07430374541117848,0.004975124378109453,0.01138365111643484
hippocampus,vit_b_16,logits,gap,6200,0.028492860564512616,0.024875621890547265,0.012682516531564249
MTL_concept,vit_b_16,logits,gap,5681,0.08939674773729385,0.004975124378109453,0.012559419909924098
MTL,dinov2_small,block2,cls,6886,0.02278864992112357,0.07462686567164178,0.013267438733644565
MFC,dinov2_small,block2,cls,6886,0.0020061538445437723,0.4427860696517413,0.009531928869621616
amygdala,dinov2_small,block2,cls,5987,0.02153335990686845,0.01990049751243781,0.010254069802251417
hippocampus,dinov2_small,block2,cls,6200,0.008832778140343736,0.1791044776119403,0.010380242324584624
MTL_concept,dinov2_small,block2,cls,5681,0.03373865790612991,0.004975124378109453,0.011851025663413709
MTL,dinov2_small,block2,gap,6886,0.025136277305199618,0.03482587064676617,0.013370126952240064
MFC,dinov2_small,block2,gap,6886,0.0038454803116097095,0.36318407960199006,0.009551047900888648
amygdala,dinov2_small,block2,gap,5987,0.010309798060434413,0.1791044776119403,0.010360819840524439
hippocampus,dinov2_small,block2,gap,6200,0.01381778440395597,0.11442786069651742,0.010439228312703329
MTL_concept,dinov2_small,block2,gap,5681,0.032843521403935566,0.009950248756218905,0.011999014308024766
MTL,dinov2_small,block5,cls,6886,0.0512718205659011,0.004975124378109453,0.012614920657587566
MFC,dinov2_small,block5,cls,6886,0.02170544353749187,0.014925373134328358,0.009944841221363708
amygdala,dinov2_small,block5,cls,5987,0.0402539144591976,0.004975124378109453,0.010799225983171592
hippocampus,dinov2_small,block5,cls,6200,0.023385659328458337,0.03482587064676617,0.010939049976853613
MTL_concept,dinov2_small,block5,cls,5681,0.06674252778320573,0.004975124378109453,0.011527950372832912
MTL,dinov2_small,block5,gap,6886,0.04391883834197838,0.004975124378109453,0.012229513992729717
MFC,dinov2_small,block5,gap,6886,0.0025090923109119373,0.32338308457711445,0.00988507216662917
amygdala,dinov2_small,block5,gap,5987,0.02755245288221798,0.014925373134328358,0.009554061275480186
hippocampus,dinov2_small,block5,gap,6200,0.019250416675002515,0.04477611940298507,0.0106534074316085
MTL_concept,dinov2_small,block5,gap,5681,0.055228892885944195,0.004975124378109453,0.011109136579210047
MTL,dinov2_small,block8,cls,6886,0.08411459561302087,0.004975124378109453,0.013439117497473502
MFC,dinov2_small,block8,cls,6886,0.02481066079317082,0.014925373134328358,0.00904089739824987
amygdala,dinov2_small,block8,cls,5987,0.06289293622359869,0.004975124378109453,0.010280644790313135
hippocampus,dinov2_small,block8,cls,6200,0.029842782509813467,0.004975124378109453,0.009455102662143049
MTL_concept,dinov2_small,block8,cls,5681,0.08206605025361217,0.004975124378109453,0.011545397591135865
MTL,dinov2_small,block8,gap,6886,0.074946878068686,0.004975124378109453,0.013554989361429834
MFC,dinov2_small,block8,gap,6886,0.01395414233824209,0.07960199004975124,0.010156117930732697
amygdala,dinov2_small,block8,gap,5987,0.05785468832610569,0.004975124378109453,0.010338250738411258
hippocampus,dinov2_small,block8,gap,6200,0.020421169903068,0.03482587064676617,0.01049244614458079
MTL_concept,dinov2_small,block8,gap,5681,0.08352880950834476,0.004975124378109453,0.012223914239365403
MTL,dinov2_small,block11,cls,6886,0.0555759003658787,0.004975124378109453,0.011918580982574895
MFC,dinov2_small,block11,cls,6886,0.011999959331117555,0.16417910447761194,0.01054295079368004
amygdala,dinov2_small,block11,cls,5987,0.04446294280435615,0.004975124378109453,0.011475445860024481
hippocampus,dinov2_small,block11,cls,6200,0.005690512775804825,0.27860696517412936,0.011168007999765979
MTL_concept,dinov2_small,block11,cls,5681,0.04685783860768266,0.004975124378109453,0.011731189819685442
MTL,dinov2_small,block11,gap,6886,0.08393054740030866,0.004975124378109453,0.012767965940445216
MFC,dinov2_small,block11,gap,6886,0.013923976405331178,0.05472636815920398,0.009533911155520334
amygdala,dinov2_small,block11,gap,5987,0.07125532872620045,0.004975124378109453,0.010003350643527928
hippocampus,dinov2_small,block11,gap,6200,0.019875644684817652,0.03980099502487562,0.010588055599202771
MTL_concept,dinov2_small,block11,gap,5681,0.09175140786307562,0.004975124378109453,0.011216579898708836
MTL,dinov2_small,norm,cls,6886,0.05543286510712501,0.004975124378109453,0.011426554500026427
MFC,dinov2_small,norm,cls,6886,0.0049139811629542104,0.373134328358209,0.010913217762974351
amygdala,dinov2_small,norm,cls,5987,0.045495515193383775,0.004975124378109453,0.01293657338420222
hippocampus,dinov2_small,norm,cls,6200,0.005871447244526027,0.3582089552238806,0.011995955969045385
MTL_concept,dinov2_small,norm,cls,5681,0.05213301129867826,0.004975124378109453,0.01338454705987093
MTL,dinov2_small,norm,gap,6886,0.1032453398847259,0.004975124378109453,0.013003438460531468
MFC,dinov2_small,norm,gap,6886,0.017518746741976704,0.04477611940298507,0.00994531001376056
amygdala,dinov2_small,norm,gap,5987,0.08880260993916571,0.004975124378109453,0.012463127592596997
hippocampus,dinov2_small,norm,gap,6200,0.021648792725339438,0.029850746268656716,0.01180677115791241
MTL_concept,dinov2_small,norm,gap,5681,0.11024111501814848,0.004975124378109453,0.01371371281182278
MTL,clip_vitb32,block2,cls,6886,0.03611627273345998,0.009950248756218905,0.012170796170753343
MFC,clip_vitb32,block2,cls,6886,0.010169573066193852,0.19402985074626866,0.009993469626113723
amygdala,clip_vitb32,block2,cls,5987,0.025850514434347282,0.024875621890547265,0.011772501654940946
hippocampus,clip_vitb32,block2,cls,6200,0.017185466507477182,0.03482587064676617,0.010058060968809181
MTL_concept,clip_vitb32,block2,cls,5681,0.05394816322847933,0.004975124378109453,0.01169453254069427
MTL,clip_vitb32,block2,gap,6886,0.026114261593540532,0.03980099502487562,0.013643152532738479
MFC,clip_vitb32,block2,gap,6886,0.005965790461599381,0.2736318407960199,0.010244570975163531
amygdala,clip_vitb32,block2,gap,5987,0.009641849979481922,0.21393034825870647,0.011656619653496323
hippocampus,clip_vitb32,block2,gap,6200,0.017478378995045372,0.07462686567164178,0.011133243618192918
MTL_concept,clip_vitb32,block2,gap,5681,0.03184166457519886,0.009950248756218905,0.011003555299372518
MTL,clip_vitb32,block5,cls,6886,0.04686215547131934,0.004975124378109453,0.011942294636192436
MFC,clip_vitb32,block5,cls,6886,0.011084594070969326,0.12437810945273632,0.009772585436504075
amygdala,clip_vitb32,block5,cls,5987,0.04124439994699593,0.004975124378109453,0.011368400712551022
hippocampus,clip_vitb32,block5,cls,6200,0.026675856995057402,0.014925373134328358,0.011163146478712907
MTL_concept,clip_vitb32,block5,cls,5681,0.06027567342425568,0.004975124378109453,0.011103140446307279
MTL,clip_vitb32,block5,gap,6886,0.08251903150235183,0.004975124378109453,0.012927107901155662
MFC,clip_vitb32,block5,gap,6886,0.017692238494789615,0.04975124378109453,0.010506667088566438
amygdala,clip_vitb32,block5,gap,5987,0.07234435274535429,0.004975124378109453,0.012044876808834187
hippocampus,clip_vitb32,block5,gap,6200,0.022591324273198952,0.024875621890547265,0.010820795325514374
MTL_concept,clip_vitb32,block5,gap,5681,0.08997580364880292,0.004975124378109453,0.011722456507989514
MTL,clip_vitb32,block8,cls,6886,0.08898630737152645,0.004975124378109453,0.012642410439910202
MFC,clip_vitb32,block8,cls,6886,0.024216149901497973,0.014925373134328358,0.009853040611581107
amygdala,clip_vitb32,block8,cls,5987,0.09845017326571817,0.004975124378109453,0.01112535468549434
hippocampus,clip_vitb32,block8,cls,6200,0.027089053189829085,0.009950248756218905,0.010091593069370911
MTL_concept,clip_vitb32,block8,cls,5681,0.12013751494609533,0.004975124378109453,0.011679271768462814
MTL,clip_vitb32,block8,gap,6886,0.09291613667137366,0.004975124378109453,0.012348990768151295
MFC,clip_vitb32,block8,gap,6886,0.019903539158325184,0.024875621890547265,0.008747439706808446
amygdala,clip_vitb32,block8,gap,5987,0.0731843125379855,0.004975124378109453,0.010812921255685275
hippocampus,clip_vitb32,block8,gap,6200,0.030995524156339202,0.004975124378109453,0.010399830400479352
MTL_concept,clip_vitb32,block8,gap,5681,0.08784190765744553,0.004975124378109453,0.010817321502156156
MTL,clip_vitb32,block11,cls,6886,0.12926358778401986,0.004975124378109453,0.012346348827386694
MFC,clip_vitb32,block11,cls,6886,0.017271989364090492,0.05472636815920398,0.010438590194685937
amygdala,clip_vitb32,block11,cls,5987,0.1282904895784824,0.004975124378109453,0.012222806889544984
hippocampus,clip_vitb32,block11,cls,6200,0.04045077236772705,0.004975124378109453,0.012185942228020724
MTL_concept,clip_vitb32,block11,cls,5681,0.14052273509338042,0.004975124378109453,0.014029234178210706
MTL,clip_vitb32,block11,gap,6886,0.05619316590403762,0.004975124378109453,0.012118114874213302
MFC,clip_vitb32,block11,gap,6886,0.01184587945408591,0.0945273631840796,0.007878810497113222
amygdala,clip_vitb32,block11,gap,5987,0.04901841606173458,0.004975124378109453,0.009508076698642468
hippocampus,clip_vitb32,block11,gap,6200,0.03086216316845955,0.004975124378109453,0.008897446168900399
MTL_concept,clip_vitb32,block11,gap,5681,0.05245864680886215,0.004975124378109453,0.010761939631417323
MTL,clip_vitb32,ln_post,cls,6886,0.1260881991299767,0.004975124378109453,0.012219126927261627
MFC,clip_vitb32,ln_post,cls,6886,0.01604131345243174,0.05970149253731343,0.010110862418200667
amygdala,clip_vitb32,ln_post,cls,5987,0.13093768640531894,0.004975124378109453,0.011656978904256824
hippocampus,clip_vitb32,ln_post,cls,6200,0.035394354701285144,0.009950248756218905,0.01241024609288294
MTL_concept,clip_vitb32,ln_post,cls,5681,0.13992278328914273,0.004975124378109453,0.011954336342245112
MTL,clip_vitb32,ln_post,gap,6886,0.06528534914492932,0.004975124378109453,0.013155428680612013
MFC,clip_vitb32,ln_post,gap,6886,0.01571804021861917,0.03482587064676617,0.008703324402908691
amygdala,clip_vitb32,ln_post,gap,5987,0.05955141129606544,0.004975124378109453,0.009902347026008246
hippocampus,clip_vitb32,ln_post,gap,6200,0.030411166629495584,0.004975124378109453,0.009429898250285791
MTL_concept,clip_vitb32,ln_post,gap,5681,0.061866147890756916,0.004975124378109453,0.011539271714800946
MTL,clip_vitb32,embed,gap,6886,0.10784563572078006,0.004975124378109453,0.013080252355857552
MFC,clip_vitb32,embed,gap,6886,0.00798793986907825,0.263681592039801,0.010349111185275785
amygdala,clip_vitb32,embed,gap,5987,0.11371180938558087,0.004975124378109453,0.011517161489802223
hippocampus,clip_vitb32,embed,gap,6200,0.03145380720835667,0.014925373134328358,0.011903399132477564
MTL_concept,clip_vitb32,embed,gap,5681,0.12396416955760922,0.004975124378109453,0.010560598528631993
MTL,clip_vitb32,embed,gap,6886,0.10784563572078006,0.004975124378109453,0.01208354089506261
MFC,clip_vitb32,embed,gap,6886,0.00798793986907825,0.19900497512437812,0.010840343387864751
amygdala,clip_vitb32,embed,gap,5987,0.11371180938558087,0.004975124378109453,0.010588940522330467
hippocampus,clip_vitb32,embed,gap,6200,0.03145380720835667,0.004975124378109453,0.010767595636057508
MTL_concept,clip_vitb32,embed,gap,5681,0.12396416955760922,0.004975124378109453,0.010762265220058399
MTL,baseline,category,-,6886,0.11670413024870865,0.004975124378109453,0.01201191457003278
MFC,baseline,category,-,6886,0.01101251099759218,0.20398009950248755,0.010471576831066214
amygdala,baseline,category,-,5987,0.11709414956405613,0.004975124378109453,0.011470952270153628
hippocampus,baseline,category,-,6200,0.017657222822733503,0.1044776119402985,0.012037918397373419
MTL_concept,baseline,category,-,5681,0.12896890468164665,0.004975124378109453,0.013062229454505952
MTL,baseline,lowlevel,-,6886,0.014495120326072673,0.11442786069651742,0.01250762806260538
MFC,baseline,lowlevel,-,6886,0.002256102962578894,0.32338308457711445,0.009002919649128818
amygdala,baseline,lowlevel,-,5987,0.012843222543795227,0.09950248756218906,0.010998715280687459
hippocampus,baseline,lowlevel,-,6200,0.004575207235932565,0.2835820895522388,0.009512317418680761
MTL_concept,baseline,lowlevel,-,5681,0.009304623365951049,0.22388059701492538,0.011185699954089906
