analysis,group,text_variant,text_centering,image_space,n,rho_text_mean,rho_text_sem,rho_text_frac_pos,rho_text_p_wilcoxon,rho_text_p_t,rho_img_mean,rho_img_sem,rho_img_frac_pos,rho_img_p_wilcoxon,rho_img_p_t,rho_text_given_img_mean,rho_text_given_img_sem,rho_text_given_img_frac_pos,rho_text_given_img_p_wilcoxon,rho_text_given_img_p_t,rho_img_given_text_mean,rho_img_given_text_sem,rho_img_given_text_frac_pos,rho_img_given_text_p_wilcoxon,rho_img_given_text_p_t,text_minus_img_mean,text_minus_img_p_wilcoxon,rho_text_img_mean,rho_text_null_mean,text_vs_null_p_wilcoxon,region,pref_desc_type
cell,MFC concept,fine-only,centred,clip_embed,29,0.054091840614659936,0.03327720770878355,0.6206896551724138,0.1260332576930523,0.11526228571064714,0.0983435648825742,0.0323715922702654,0.6551724137931034,0.005994632840156555,0.005112778909174332,-0.00047092767050168705,0.024618507799897285,0.5862068965517241,0.608884047716856,0.984873853312056,0.068136233141788,0.025678727851328246,0.6896551724137931,0.022908341139554977,0.01298292119308148,-0.044251724267914266,0.12065461277961731,0.5007551344624999,-0.011751679914939838,0.33573371544480324,,
cell,MFC concept,fine-only,centred,clip_ln_post,29,0.054091840614659936,0.03327720770878355,0.6206896551724138,0.1260332576930523,0.11526228571064714,0.09863794515346598,0.03461739792570207,0.6551724137931034,0.011321667581796646,0.008125036453465136,-0.0015103050994294672,0.02404653625511531,0.6206896551724138,0.5647306069731712,0.9503659426993902,0.06735195274521531,0.02828240388911217,0.5862068965517241,0.04802640900015831,0.024284037743532928,-0.044546104538806044,0.1556677184998989,0.48203763343474515,-0.011751679914939838,0.33573371544480324,,
cell,MFC concept,fine-only,centred,resnet50_avgpool,29,0.054091840614659936,0.03327720770878355,0.6206896551724138,0.1260332576930523,0.11526228571064714,0.1156571465370638,0.03165206985811346,0.7586206896551724,0.001666329801082611,0.001053741835892084,-0.009567193111248436,0.029801380027651325,0.5517241379310345,0.966034073382616,0.7505702232759495,0.09435652752376252,0.029345353706975347,0.6896551724137931,0.004106286913156509,0.0032750278600578143,-0.06156530592240388,0.07236024364829063,0.37686157968077777,-0.011751679914939838,0.33573371544480324,,
cell,MFC concept,fine-only,raw,clip_embed,29,0.028911393060618972,0.03198018872721135,0.4827586206896552,0.5361509844660759,0.37368663792068,0.0983435648825742,0.0323715922702654,0.6551724137931034,0.005994632840156555,0.005112778909174332,-0.0048066810047246245,0.024624293533995232,0.4482758620689655,0.8983406014740467,0.8466453577039021,0.0863640149132005,0.026948976376781026,0.6896551724137931,0.0037983879446983337,0.003364659687433609,-0.06943217182195524,0.020265981554985046,0.3530711040756728,-0.018277670352238644,0.08367564529180527,,
cell,MFC concept,fine-only,raw,clip_ln_post,29,0.028911393060618972,0.03198018872721135,0.4827586206896552,0.5361509844660759,0.37368663792068,0.09863794515346598,0.03461739792570207,0.6551724137931034,0.011321667581796646,0.008125036453465136,0.002087631149647497,0.023746466348099352,0.4482758620689655,0.966034073382616,0.9305713081236673,0.08552114095863744,0.02913661304841497,0.6206896551724138,0.010578293353319168,0.006590241754093094,-0.069726552092847,0.02433420717716217,0.3229352656631193,-0.018277670352238644,0.08367564529180527,,
cell,MFC concept,fine-only,raw,resnet50_avgpool,29,0.028911393060618972,0.03198018872721135,0.4827586206896552,0.5361509844660759,0.37368663792068,0.1156571465370638,0.03165206985811346,0.7586206896551724,0.001666329801082611,0.001053741835892084,-0.0037823975212831896,0.025146775309568093,0.41379310344827586,0.7818621210753918,0.8815172529704939,0.1095872936341764,0.02557671398007058,0.7586206896551724,0.00021718069911003113,0.00019504890787272065,-0.08674575347644484,0.005566027015447617,0.2290575126856484,-0.018277670352238644,0.08367564529180527,,
cell,MFC concept,identity+fine,centred,clip_embed,29,0.0763066820170385,0.029995443550375776,0.6551724137931034,0.01574459671974182,0.016764247096938186,0.0983435648825742,0.0323715922702654,0.6551724137931034,0.005994632840156555,0.005112778909174332,0.021990921967715623,0.02290400353330571,0.6206896551724138,0.31448761001229286,0.3452059145512586,0.06302134160183875,0.027066669022923213,0.7241379310344828,0.029064036905765533,0.027338184847448294,-0.02203688286553571,0.33573371544480324,0.6017714337793462,-0.020114479642213863,0.27462591975927353,,
cell,MFC concept,identity+fine,centred,clip_ln_post,29,0.0763066820170385,0.029995443550375776,0.6551724137931034,0.01574459671974182,0.016764247096938186,0.09863794515346598,0.03461739792570207,0.6551724137931034,0.011321667581796646,0.008125036453465136,0.03242541244926052,0.021787768838838286,0.6551724137931034,0.0688701830804348,0.14786484737970865,0.056474497567763765,0.029868622987564746,0.6206896551724138,0.10555979982018471,0.06904553470942014,-0.02233126313642749,0.41691966354846954,0.5916856193609739,-0.020114479642213863,0.27462591975927353,,
cell,MFC concept,identity+fine,centred,resnet50_avgpool,29,0.0763066820170385,0.029995443550375776,0.6551724137931034,0.01574459671974182,0.016764247096938186,0.1156571465370638,0.03165206985811346,0.7586206896551724,0.001666329801082611,0.001053741835892084,0.020705888169416837,0.02101668468579706,0.7241379310344828,0.06551516801118851,0.33295736076402016,0.08046080331429603,0.025321066146079547,0.6896551724137931,0.0032424964010715485,0.0036032706833652064,-0.03935046452002533,0.10555979982018471,0.5120522577303115,-0.020114479642213863,0.27462591975927353,,
cell,MFC concept,identity+fine,raw,clip_embed,29,0.01605479614316873,0.021542315360220353,0.5862068965517241,0.4293668270111084,0.46232033205066947,0.0983435648825742,0.0323715922702654,0.6551724137931034,0.005994632840156555,0.005112778909174332,-0.012687249498950762,0.019984868243243564,0.4827586206896552,0.5503522604703903,0.5306847373462706,0.09133424596117862,0.032090362203676955,0.6551724137931034,0.010578293353319168,0.008188674246233459,-0.08228876873940547,0.022908341139554977,0.30439269957545345,-0.06687340023446182,0.04802640900015831,,
cell,MFC concept,identity+fine,raw,clip_ln_post,29,0.01605479614316873,0.021542315360220353,0.5862068965517241,0.4293668270111084,0.46232033205066947,0.09863794515346598,0.03461739792570207,0.6551724137931034,0.011321667581796646,0.008125036453465136,-0.0077107413488207285,0.019402216953504334,0.4827586206896552,0.7818621210753918,0.6940745895221152,0.08633713296534565,0.03443918956846106,0.6551724137931034,0.03262323513627052,0.01825734725944089,-0.08258314901029724,0.027409173548221588,0.27959902874124803,-0.06687340023446182,0.04802640900015831,,
cell,MFC concept,identity+fine,raw,resnet50_avgpool,29,0.01605479614316873,0.021542315360220353,0.5862068965517241,0.4293668270111084,0.46232033205066947,0.1156571465370638,0.03165206985811346,0.7586206896551724,0.001666329801082611,0.001053741835892084,-0.0041892277372841515,0.018948425554723893,0.5172413793103449,0.9152156375348568,0.8266299753913768,0.0984812552453636,0.0318657816416296,0.6896551724137931,0.007456466555595398,0.00448506645356217,-0.09960235039389508,0.014758598059415817,0.20046158788164392,-0.06687340023446182,0.04802640900015831,,
cell,MTL concept,fine-only,centred,clip_embed,134,0.13047442944447182,0.019729709251974658,0.7089552238805971,1.139251439598415e-08,8.368869204444612e-10,0.1572222799409588,0.019927441954235556,0.7089552238805971,4.013992307555738e-11,9.8386754598863e-13,0.05555139413685503,0.01568276236707234,0.6567164179104478,0.0008544154851785667,0.0005478192837387819,0.08854694342614067,0.016762558076683857,0.664179104477612,2.513966568541735e-06,5.068741654488745e-07,-0.02674785049648698,0.20836088415188125,0.5607622726435889,0.0032091430010738648,0.00016928193342813936,,
cell,MTL concept,fine-only,centred,clip_ln_post,134,0.13047442944447182,0.019729709251974658,0.7089552238805971,1.139251439598415e-08,8.368869204444612e-10,0.1703559367549165,0.020338262036582764,0.7089552238805971,2.3461949489710077e-12,6.747268052485622e-14,0.04928759273644773,0.014915652829773312,0.6194029850746269,0.0013163429230952167,0.001223202173369024,0.10544107558380099,0.017040846228297563,0.6716417910447762,5.2009331699751886e-08,7.04151153197222e-09,-0.03988150731044466,0.04975314981459763,0.5578263538278627,0.0032091430010738648,0.00016928193342813936,,
cell,MTL concept,fine-only,centred,resnet50_avgpool,134,0.13047442944447182,0.019729709251974658,0.7089552238805971,1.139251439598415e-08,8.368869204444612e-10,0.17295460060701734,0.020304698674936457,0.7686567164179104,6.810335928901611e-13,3.0615762782074814e-14,0.053367446432801294,0.01404701147086006,0.6417910447761194,0.00036625001436710417,0.0002199880868465732,0.10510402723042732,0.01684904301967908,0.7089552238805971,7.271140057151492e-08,5.490686230279562e-09,-0.042480171162545495,0.03346833174729011,0.5108505386245371,0.0032091430010738648,0.00016928193342813936,,
cell,MTL concept,fine-only,raw,clip_embed,134,0.1397533306024428,0.01986225149607139,0.7089552238805971,4.960647548387749e-09,9.446704819847788e-11,0.1572222799409588,0.019927441954235556,0.7089552238805971,4.013992307555738e-11,9.8386754598863e-13,0.06935726405865396,0.014931620746588126,0.6567164179104478,3.4292723270664554e-05,8.072309545803744e-06,0.0928191378285174,0.015780782964400903,0.7164179104477612,2.1153070077447236e-07,3.111203717522251e-08,-0.017468949338516053,0.18748789073645944,0.45315218368134386,0.08236853372080902,0.0013893854767311569,,
cell,MTL concept,fine-only,raw,clip_ln_post,134,0.1397533306024428,0.01986225149607139,0.7089552238805971,4.960647548387749e-09,9.446704819847788e-11,0.1703559367549165,0.020338262036582764,0.7089552238805971,2.3461949489710077e-12,6.747268052485622e-14,0.056009317174125085,0.01437927410755134,0.6417910447761194,0.0004052668454517133,0.00015471241408286337,0.11039150427761583,0.016170593596014284,0.7164179104477612,2.976710806093633e-09,2.8027540725796044e-10,-0.03060260615247372,0.014525643427741786,0.44769586111105064,0.08236853372080902,0.0013893854767311569,,
cell,MTL concept,fine-only,raw,resnet50_avgpool,134,0.1397533306024428,0.01986225149607139,0.7089552238805971,4.960647548387749e-09,9.446704819847788e-11,0.17295460060701734,0.020304698674936457,0.7686567164179104,6.810335928901611e-13,3.0615762782074814e-14,0.05870740071094004,0.013876994752471257,0.6492537313432836,8.824480954866104e-05,4.311187636547904e-05,0.11764249851215795,0.015827605494464048,0.7388059701492538,3.1209623101909685e-10,1.1611969104700685e-11,-0.03320127000457457,0.01976741036205888,0.366067791164653,0.08236853372080902,0.0013893854767311569,,
cell,MTL concept,identity+fine,centred,clip_embed,134,0.14555951284463697,0.020639701724626633,0.6865671641791045,4.517589727396551e-09,8.676037680717368e-11,0.1572222799409588,0.019927441954235556,0.7089552238805971,4.013992307555738e-11,9.8386754598863e-13,0.05710327712236745,0.014401461089767448,0.582089552238806,0.0016191706492822977,0.00011922889343801609,0.07652965085122744,0.013033102018626218,0.6567164179104478,3.2015273910152066e-07,3.261391299460342e-08,-0.01166276709632184,0.33014468990903545,0.6468781538457476,0.011641687058443808,0.001083437280966036,,
cell,MTL concept,identity+fine,centred,clip_ln_post,134,0.14555951284463697,0.020639701724626633,0.6865671641791045,4.517589727396551e-09,8.676037680717368e-11,0.1703559367549165,0.020338262036582764,0.7089552238805971,2.3461949489710077e-12,6.747268052485622e-14,0.043029081068055725,0.013778077687040978,0.5373134328358209,0.015256674348031362,0.0021971904091506707,0.09370948350224959,0.013804073744331673,0.7014925373134329,2.858232148015971e-09,3.411355955572024e-10,-0.024796423910279513,0.01796850586732628,0.6445221200931186,0.011641687058443808,0.001083437280966036,,
cell,MTL concept,identity+fine,centred,resnet50_avgpool,134,0.14555951284463697,0.020639701724626633,0.6865671641791045,4.517589727396551e-09,8.676037680717368e-11,0.17295460060701734,0.020304698674936457,0.7686567164179104,6.810335928901611e-13,3.0615762782074814e-14,0.04837657754095905,0.01440195642907821,0.5970149253731343,0.002889942122422181,0.0010207391496418164,0.1021985474767145,0.014392780303557125,0.7238805970149254,9.92935072435064e-10,6.737343951272588e-11,-0.027395087762380352,0.011901201453719736,0.6033545709333735,0.011641687058443808,0.001083437280966036,,
cell,MTL concept,identity+fine,raw,clip_embed,134,0.07024222257664264,0.0150665757457055,0.6865671641791045,1.5562396292833755e-05,7.515724749657003e-06,0.1572222799409588,0.019927441954235556,0.7089552238805971,4.013992307555738e-11,9.8386754598863e-13,0.01687043770326499,0.013227497965091798,0.582089552238806,0.15044243052521666,0.20438862099346244,0.1410842305308797,0.019106715446586348,0.7089552238805971,6.526250793457114e-10,1.5059671389098928e-11,-0.08698005736431617,5.0812809911759045e-05,0.343187366407187,-0.03815232566418828,3.1908534928242055e-06,,
cell,MTL concept,identity+fine,raw,clip_ln_post,134,0.07024222257664264,0.0150665757457055,0.6865671641791045,1.5562396292833755e-05,7.515724749657003e-06,0.1703559367549165,0.020338262036582764,0.7089552238805971,2.3461949489710077e-12,6.747268052485622e-14,0.0121419031946371,0.01346004829909586,0.5671641791044776,0.30019981646780347,0.3686505197832425,0.15678327375277754,0.019716623046949426,0.7014925373134329,4.1985004534565775e-11,7.00784909811736e-13,-0.10011371417827385,9.353032443996244e-06,0.331084629428637,-0.03815232566418828,3.1908534928242055e-06,,
cell,MTL concept,identity+fine,raw,resnet50_avgpool,134,0.07024222257664264,0.0150665757457055,0.6865671641791045,1.5562396292833755e-05,7.515724749657003e-06,0.17295460060701734,0.020304698674936457,0.7686567164179104,6.810335928901611e-13,3.0615762782074814e-14,0.01970288252559706,0.013340672994703533,0.5970149253731343,0.13242833708054355,0.14206551861180888,0.15839311886054086,0.019741332316847323,0.7164179104477612,1.6692517397456282e-11,4.733961249314872e-13,-0.10271237803037471,5.051403522446255e-06,0.313495952300902,-0.03815232566418828,3.1908534928242055e-06,,
cell,MTL non-concept,fine-only,centred,clip_embed,256,0.025602903209771686,0.008312219892204185,0.5703125,0.003423061022831581,0.0022953990004868563,0.020980692643686447,0.009384566132896677,0.5625,0.02804282900420367,0.026239922048931698,0.019223421643803747,0.00847907872340092,0.56640625,0.019412641770379505,0.024218149529274174,0.004567391481412167,0.009523892852435229,0.5390625,0.434886739530733,0.6319428736519264,0.004622210566085241,0.42210105103741435,0.5870890854316775,0.00022821508544427615,0.07800023409293383,,
cell,MTL non-concept,fine-only,centred,clip_ln_post,256,0.025602903209771686,0.008312219892204185,0.5703125,0.003423061022831581,0.0022953990004868563,0.018652131420008936,0.009312457886112374,0.55078125,0.05072150923627185,0.0462440528074554,0.021175368674115007,0.008435676869281058,0.5546875,0.007940821572229992,0.012685701144416152,0.001871023201697367,0.009420545531581335,0.546875,0.5743819498799918,0.8427253676545833,0.00695077178976275,0.21357121746176955,0.587841160006474,0.00022821508544427615,0.07800023409293383,,
cell,MTL non-concept,fine-only,centred,resnet50_avgpool,256,0.025602903209771686,0.008312219892204185,0.5703125,0.003423061022831581,0.0022953990004868563,0.024154942201435943,0.009130298139528932,0.54296875,0.020627011711542086,0.008661761936081404,0.013102182370562045,0.008200237253218667,0.52734375,0.12381758227323623,0.11133012723474438,0.012019668323645963,0.009035714605704865,0.54296875,0.17538080289054703,0.1846277001381489,0.0014479610083357446,0.8022412365255014,0.546178242740084,0.00022821508544427615,0.07800023409293383,,
cell,MTL non-concept,fine-only,raw,clip_embed,256,0.02436286793423441,0.008673696515690926,0.59765625,0.004334388941131108,0.005357258346912929,0.020980692643686447,0.009384566132896677,0.5625,0.02804282900420367,0.026239922048931698,0.015542327885638103,0.008194047670946706,0.56640625,0.05668099433317231,0.05898663431053443,0.013222880330792618,0.008893751870074837,0.5234375,0.12505769255033813,0.13831341983496234,0.003382175290547965,0.9777997253448125,0.40785028998871053,0.01153491524677464,0.2459174030713437,,
cell,MTL non-concept,fine-only,raw,clip_ln_post,256,0.02436286793423441,0.008673696515690926,0.59765625,0.004334388941131108,0.005357258346912929,0.018652131420008936,0.009312457886112374,0.55078125,0.05072150923627185,0.0462440528074554,0.014843158318159199,0.008189929302743154,0.5625,0.05745150221331583,0.07110555161207684,0.012014434954046947,0.00880937714912748,0.55078125,0.14530796171181098,0.1738258007224163,0.005710736514225474,0.745442746188167,0.406918124776086,0.01153491524677464,0.2459174030713437,,
cell,MTL non-concept,fine-only,raw,resnet50_avgpool,256,0.02436286793423441,0.008673696515690926,0.59765625,0.004334388941131108,0.005357258346912929,0.024154942201435943,0.009130298139528932,0.54296875,0.020627011711542086,0.008661761936081404,0.008934738908345615,0.008202769313602958,0.546875,0.2278719662643245,0.2770788101262722,0.02207365519324269,0.008593782196086112,0.51953125,0.024353983960758642,0.01078216421557542,0.00020792573279847064,0.5923257706381404,0.3463373715696037,0.01153491524677464,0.2459174030713437,,
cell,MTL non-concept,identity+fine,centred,clip_embed,256,0.01393896603395084,0.00871957873449942,0.53515625,0.1872174987999099,0.11115170762468309,0.020980692643686447,0.009384566132896677,0.5625,0.02804282900420367,0.026239922048931698,0.003757261342485915,0.008268498069473336,0.5234375,0.540402001072186,0.6499226524855652,0.008864387145137901,0.00900614504357844,0.53125,0.23610551693237924,0.3259207031000475,-0.007041726609735605,0.4740370946431163,0.6304785488340353,-0.00680304432393918,0.34193362834917085,,
cell,MTL non-concept,identity+fine,centred,clip_ln_post,256,0.01393896603395084,0.00871957873449942,0.53515625,0.1872174987999099,0.11115170762468309,0.018652131420008936,0.009312457886112374,0.55078125,0.05072150923627185,0.0462440528074554,0.0071001909822055705,0.008543831639413219,0.51171875,0.3119847631057536,0.4067334222026162,0.006060003048973708,0.009192997036477914,0.54296875,0.27371440407482606,0.5103636244176837,-0.004713165386058095,0.7633816646123993,0.6426388973486215,-0.00680304432393918,0.34193362834917085,,
cell,MTL non-concept,identity+fine,centred,resnet50_avgpool,256,0.01393896603395084,0.00871957873449942,0.53515625,0.1872174987999099,0.11115170762468309,0.024154942201435943,0.009130298139528932,0.54296875,0.020627011711542086,0.008661761936081404,-0.0017271829672455357,0.008417468170063709,0.5078125,0.8813511283254982,0.8375871323039046,0.0175206904101067,0.008891596566254616,0.5546875,0.05062183224772866,0.049865424135170124,-0.0102159761674851,0.23744217005994628,0.604794571654934,-0.00680304432393918,0.34193362834917085,,
cell,MTL non-concept,identity+fine,raw,clip_embed,256,-0.0030481882270155525,0.009365390367888755,0.47265625,0.6247782963457957,0.7450894870305713,0.020980692643686447,0.009384566132896677,0.5625,0.02804282900420367,0.026239922048931698,-0.008105701864038292,0.00903409816708062,0.484375,0.30596989288108034,0.37044026227545024,0.023254809311178383,0.009033256300013075,0.56640625,0.008641894510818473,0.010607835659291133,-0.024028880870701996,0.037573817627071834,0.35348040105881706,-0.019184214438870337,0.27334495923833735,,
cell,MTL non-concept,identity+fine,raw,clip_ln_post,256,-0.0030481882270155525,0.009365390367888755,0.47265625,0.6247782963457957,0.7450894870305713,0.018652131420008936,0.009312457886112374,0.55078125,0.05072150923627185,0.0462440528074554,-0.0064083129551279995,0.009088173312947543,0.47265625,0.417242756209783,0.4813750105628093,0.021252772175951874,0.009009073891674097,0.578125,0.011974042089465961,0.019076902063051758,-0.02170031964702449,0.07247237738146994,0.34589038347191486,-0.019184214438870337,0.27334495923833735,,
cell,MTL non-concept,identity+fine,raw,resnet50_avgpool,256,-0.0030481882270155525,0.009365390367888755,0.47265625,0.6247782963457957,0.7450894870305713,0.024154942201435943,0.009130298139528932,0.54296875,0.020627011711542086,0.008661761936081404,-0.011229439671864475,0.008917279254874273,0.46484375,0.17112200012580825,0.20907711146400598,0.025904335037435236,0.008684396999734783,0.58203125,0.004001556020424942,0.003132463745985309,-0.027203130428451492,0.014501105869633633,0.3058541793700855,-0.019184214438870337,0.27334495923833735,,
rsa,,fine-only,centred,clip_embed,19,0.012954048355314161,0.00804591114841051,0.47368421052631576,0.4653167724609375,0.12479125246040391,0.013788026246126522,0.00822665042976566,0.5789473684210527,0.24125289916992188,0.1110169308044252,0.00676023186604434,0.006477458889346464,0.42105263157894735,0.6794281005859375,0.31045977623536253,0.008358347377436513,0.006699366990020603,0.5789473684210527,0.3320655822753906,0.22815378031658443,-0.0008339778908123607,0.70855712890625,0.46280437896558174,,,MFC,
rsa,,fine-only,centred,clip_ln_post,19,0.012954048355314161,0.00804591114841051,0.47368421052631576,0.4653167724609375,0.12479125246040391,0.016139278372440724,0.008102201566988546,0.631578947368421,0.14468765258789062,0.06176801537088591,0.004341966269939335,0.006154998529442004,0.3684210526315789,0.9843215942382812,0.4895674954494278,0.009862355100252239,0.006299483408948173,0.5789473684210527,0.312408447265625,0.13485751109141403,-0.0031852300171265656,0.4180412292480469,0.5307186961563011,,,MFC,
rsa,,fine-only,centred,resnet50_avgpool,19,0.012954048355314161,0.00804591114841051,0.47368421052631576,0.4653167724609375,0.12479125246040391,0.01298729061770928,0.007370474890175259,0.5789473684210527,0.104156494140625,0.09503110440531148,0.006631716459511234,0.006522815844132376,0.47368421052631576,0.6507492065429688,0.3227702594220426,0.005930560014533446,0.005716373248328761,0.47368421052631576,0.48996734619140625,0.31325432578813184,-3.324226239512001e-05,0.9843215942382812,0.5074384442366986,,,MFC,
rsa,,fine-only,raw,clip_embed,19,0.00708502047766113,0.00448921480229285,0.631578947368421,0.24125289916992188,0.13192462245069927,0.013788026246126522,0.00822665042976566,0.5789473684210527,0.24125289916992188,0.1110169308044252,0.003495330678659928,0.0034257140097391833,0.5789473684210527,0.4653167724609375,0.32109447081001996,0.012363558728090111,0.007698383879172591,0.5263157894736842,0.25792694091796875,0.12567555935876915,-0.0067030057684653935,0.3524589538574219,0.18083886855782463,,,MFC,
rsa,,fine-only,raw,clip_ln_post,19,0.00708502047766113,0.00448921480229285,0.631578947368421,0.24125289916992188,0.13192462245069927,0.016139278372440724,0.008102201566988546,0.631578947368421,0.14468765258789062,0.06176801537088591,0.0010760519123845342,0.003187880510546907,0.5263157894736842,0.9217147827148438,0.7396108083244978,0.014282916184405242,0.007491256118070577,0.631578947368421,0.14468765258789062,0.07266302939845418,-0.009054257894779595,0.21011734008789062,0.24145712905182323,,,MFC,
rsa,,fine-only,raw,resnet50_avgpool,19,0.00708502047766113,0.00448921480229285,0.631578947368421,0.24125289916992188,0.13192462245069927,0.01298729061770928,0.007370474890175259,0.5789473684210527,0.104156494140625,0.09503110440531148,-1.1758567130797467e-05,0.0025602664193519584,0.5263157894736842,0.9843215942382812,0.9963860768217605,0.010172290870824646,0.006449659780561218,0.5789473684210527,0.1956329345703125,0.1321657791663689,-0.005902270140048153,0.2934989929199219,0.4255311716947577,,,MFC,
rsa,,identity+fine,centred,clip_embed,19,0.012663724211781672,0.007961324409941392,0.42105263157894735,0.3954620361328125,0.1290965152484061,0.013788026246126522,0.00822665042976566,0.5789473684210527,0.24125289916992188,0.1110169308044252,0.005331196694601474,0.005774365299074596,0.5789473684210527,0.70855712890625,0.36808698609890356,0.007536573717882099,0.006147563562299475,0.5263157894736842,0.4180412292480469,0.23601735677470229,-0.0011243020343448507,0.9529838562011719,0.5011583379086701,,,MFC,
rsa,,identity+fine,centred,clip_ln_post,19,0.012663724211781672,0.007961324409941392,0.42105263157894735,0.3954620361328125,0.1290965152484061,0.016139278372440724,0.008102201566988546,0.631578947368421,0.14468765258789062,0.06176801537088591,0.0031062674801752076,0.005626975450012756,0.5789473684210527,0.7380905151367188,0.5877160819937288,0.008520288635662194,0.00600602738953763,0.47368421052631576,0.312408447265625,0.17309200063125765,-0.0034755541606590547,0.5677604675292969,0.5686646468811494,,,MFC,
rsa,,identity+fine,centred,resnet50_avgpool,19,0.012663724211781672,0.007961324409941392,0.42105263157894735,0.3954620361328125,0.1290965152484061,0.01298729061770928,0.007370474890175259,0.5789473684210527,0.104156494140625,0.09503110440531148,0.0056976150042968125,0.005664010192808475,0.5789473684210527,0.37359619140625,0.32777991120442973,0.004688753290979886,0.004905900269859271,0.5789473684210527,0.3524589538574219,0.35186564355847294,-0.0003235664059276095,0.9217147827148438,0.5324485700776843,,,MFC,
rsa,,identity+fine,raw,clip_embed,19,0.007333966964775657,0.005501802159205387,0.5263157894736842,0.312408447265625,0.19915538738401253,0.013788026246126522,0.00822665042976566,0.5789473684210527,0.24125289916992188,0.1110169308044252,0.0021505671044561975,0.0036747124589291595,0.631578947368421,0.5677604675292969,0.5656555955907436,0.0115623738072088,0.007168106331140418,0.5263157894736842,0.2934989929199219,0.12413204537806813,-0.0064540592813508635,0.312408447265625,0.31567510726146375,,,MFC,
rsa,,identity+fine,raw,clip_ln_post,19,0.007333966964775657,0.005501802159205387,0.5263157894736842,0.312408447265625,0.19915538738401253,0.016139278372440724,0.008102201566988546,0.631578947368421,0.14468765258789062,0.06176801537088591,0.002048012314601725,0.003701595714451599,0.5263157894736842,0.6225624084472656,0.586879947402134,0.013776751194116041,0.007093547572110413,0.5789473684210527,0.104156494140625,0.06793374964149064,-0.008805311407665065,0.104156494140625,0.2936763435718288,,,MFC,
rsa,,identity+fine,raw,resnet50_avgpool,19,0.007333966964775657,0.005501802159205387,0.5263157894736842,0.312408447265625,0.19915538738401253,0.01298729061770928,0.007370474890175259,0.5789473684210527,0.104156494140625,0.09503110440531148,0.005349468936506045,0.004867983118673444,0.5263157894736842,0.4653167724609375,0.2862895792114666,0.01157917024297598,0.006949179851798487,0.5263157894736842,0.18186569213867188,0.1129671411978288,-0.005653323652933624,0.24125289916992188,0.09605847366814368,,,MFC,
rsa,,fine-only,centred,clip_embed,19,0.04837284325121718,0.022314587078601025,0.631578947368421,0.025821685791015625,0.04382823472667189,0.04953324803455034,0.01878563811255006,0.7368421052631579,0.000965118408203125,0.016750719276575916,0.029660673943589965,0.01668537863731174,0.5263157894736842,0.14468765258789062,0.09236165545267784,0.031516647392196444,0.011035177350078019,0.7368421052631579,0.00141143798828125,0.010494975678230772,-0.0011604047833331573,0.5412178039550781,0.47324194509751544,,,MTL,
rsa,,fine-only,centred,clip_ln_post,19,0.04837284325121718,0.022314587078601025,0.631578947368421,0.025821685791015625,0.04382823472667189,0.059772264845666175,0.021666299453387793,0.7894736842105263,0.000644683837890625,0.012928157646762287,0.019570220902229953,0.014126847070891726,0.5789473684210527,0.2934989929199219,0.18288286354444688,0.040933835293626306,0.012824494602699675,0.7368421052631579,0.000965118408203125,0.00505220695574889,-0.011399421594449012,0.104156494140625,0.5457577380775097,,,MTL,
rsa,,fine-only,centred,resnet50_avgpool,19,0.04837284325121718,0.022314587078601025,0.631578947368421,0.025821685791015625,0.04382823472667189,0.053710476691865405,0.019757457195655154,0.7368421052631579,0.00202178955078125,0.014086951288133089,0.02260440197455473,0.015150248247781786,0.631578947368421,0.168792724609375,0.15301421997089792,0.03351647028963872,0.01033446538771005,0.7894736842105263,0.0033416748046875,0.004512755194641375,-0.00533763344064822,0.4653167724609375,0.5202953991825461,,,MTL,
rsa,,fine-only,raw,clip_embed,19,0.02248280832657415,0.010505800060696568,0.6842105263157895,0.0289306640625,0.04629877493817146,0.04953324803455034,0.01878563811255006,0.7368421052631579,0.000965118408203125,0.016750719276575916,0.013849887796660444,0.0077998990453476864,0.631578947368421,0.104156494140625,0.09269990405346772,0.0459668104533324,0.017567932582269578,0.7368421052631579,0.00141143798828125,0.017481098119931447,-0.027050439707976184,0.0180816650390625,0.18167685290288002,,,MTL,
rsa,,fine-only,raw,clip_ln_post,19,0.02248280832657415,0.010505800060696568,0.6842105263157895,0.0289306640625,0.04629877493817146,0.059772264845666175,0.021666299453387793,0.7894736842105263,0.000644683837890625,0.012928157646762287,0.005928927928589647,0.005998241881685363,0.5263157894736842,0.4180412292480469,0.3360368620438967,0.056042172806939385,0.020045421251968124,0.8421052631578947,0.000522613525390625,0.01194475670890027,-0.03728945651909204,0.00823211669921875,0.25380848528840005,,,MTL,
rsa,,fine-only,raw,resnet50_avgpool,19,0.02248280832657415,0.010505800060696568,0.6842105263157895,0.0289306640625,0.04629877493817146,0.053710476691865405,0.019757457195655154,0.7368421052631579,0.00202178955078125,0.014086951288133089,-0.0049137398724890605,0.005598030562348307,0.42105263157894735,0.4413337707519531,0.3916385705940848,0.049594352977919795,0.017768294296034676,0.7368421052631579,0.0016937255859375,0.012062703625699299,-0.031227668365291245,0.00457763671875,0.4441591443263679,,,MTL,
rsa,,identity+fine,centred,clip_embed,19,0.05689288344634769,0.02328869865311703,0.8421052631578947,0.00141143798828125,0.025106850773801273,0.04953324803455034,0.01878563811255006,0.7368421052631579,0.000965118408203125,0.016750719276575916,0.03733444857224425,0.016910463158987435,0.7368421052631579,0.014068603515625,0.040476411699618714,0.023147817825160212,0.009006743623297113,0.6842105263157895,0.0289306640625,0.019273519497615462,0.007359635411797361,0.2934989929199219,0.5131811851776342,,,MTL,
rsa,,identity+fine,centred,clip_ln_post,19,0.05689288344634769,0.02328869865311703,0.8421052631578947,0.00141143798828125,0.025106850773801273,0.059772264845666175,0.021666299453387793,0.7894736842105263,0.000644683837890625,0.012928157646762287,0.02628908261440228,0.014035252227768882,0.6842105263157895,0.05457305908203125,0.07739124166865789,0.031491755602382494,0.010701926435652917,0.6842105263157895,0.00945281982421875,0.008704652063258735,-0.002879381399318493,0.6794281005859375,0.5899486757122085,,,MTL,
rsa,,identity+fine,centred,resnet50_avgpool,19,0.05689288344634769,0.02328869865311703,0.8421052631578947,0.00141143798828125,0.025106850773801273,0.053710476691865405,0.019757457195655154,0.7368421052631579,0.00202178955078125,0.014086951288133089,0.030494064353149265,0.015503187670611283,0.6842105263157895,0.040130615234375,0.06479801529631575,0.024414148739078406,0.008208699397707016,0.7368421052631579,0.00823211669921875,0.008128899232821698,0.0031824067544822996,0.6794281005859375,0.5507486963080638,,,MTL,
rsa,,identity+fine,raw,clip_embed,19,0.03298520927060553,0.015322302115800683,0.631578947368421,0.025821685791015625,0.045150106548825716,0.04953324803455034,0.01878563811255006,0.7368421052631579,0.000965118408203125,0.016750719276575916,0.017856725142435817,0.010237662936424268,0.6842105263157895,0.06628799438476562,0.0981728263400943,0.04076264766794206,0.015141992053048456,0.7368421052631579,0.00202178955078125,0.014901777568171615,-0.0165480387639448,0.0289306640625,0.3328714178945768,,,MTL,
rsa,,identity+fine,raw,clip_ln_post,19,0.03298520927060553,0.015322302115800683,0.631578947368421,0.025821685791015625,0.045150106548825716,0.059772264845666175,0.021666299453387793,0.7894736842105263,0.000644683837890625,0.012928157646762287,0.01363098911073957,0.008927638651453459,0.5789473684210527,0.156402587890625,0.1441837631519736,0.05191613713951776,0.018037457757257135,0.7894736842105263,0.0016937255859375,0.010004318037584678,-0.026787055575060652,0.007144927978515625,0.3212216297283134,,,MTL,
rsa,,identity+fine,raw,resnet50_avgpool,19,0.03298520927060553,0.015322302115800683,0.631578947368421,0.025821685791015625,0.045150106548825716,0.053710476691865405,0.019757457195655154,0.7368421052631579,0.00202178955078125,0.014086951288133089,0.02549299407129983,0.012289652724462452,0.631578947368421,0.044559478759765625,0.052666049620911023,0.04903173532862731,0.017693777611303866,0.7368421052631579,0.002399444580078125,0.012591191731104638,-0.020725267421259862,0.005329132080078125,0.10530624197955409,,,MTL,
rsa,,fine-only,centred,clip_embed,14,0.07023938178642856,0.030429480059686563,0.7142857142857143,0.0245361328125,0.038070097952900804,0.07160916054592821,0.026540106151959474,0.7857142857142857,0.0067138671875,0.018258292126697676,0.0419139424417108,0.022120822458926295,0.6428571428571429,0.0784912109375,0.08058041105870908,0.04397811714915871,0.01574138445131317,0.7857142857142857,0.0067138671875,0.015209431240827997,-0.0013697787594996482,0.9515380859375,0.48278388042082104,,,MTL_concept,
rsa,,fine-only,centred,clip_ln_post,14,0.07023938178642856,0.030429480059686563,0.7142857142857143,0.0245361328125,0.038070097952900804,0.08382475305341588,0.03032871955017395,0.7142857142857143,0.008544921875,0.016105101161751012,0.027518627448255506,0.019138508273957053,0.5714285714285714,0.267578125,0.17410624009738426,0.055676684671386485,0.018373984096253945,0.7142857142857143,0.0067138671875,0.00966125654257821,-0.013585371266987297,0.2412109375,0.5506116295771137,,,MTL_concept,
rsa,,fine-only,centred,resnet50_avgpool,14,0.07023938178642856,0.030429480059686563,0.7142857142857143,0.0245361328125,0.038070097952900804,0.0765734807720427,0.027366034026931055,0.8571428571428571,0.0030517578125,0.015083867135609297,0.033782986068972544,0.01963243931572668,0.6428571428571429,0.153076171875,0.10898851796605535,0.04706809541255443,0.013375365718518405,0.9285714285714286,0.0008544921875,0.003773942516521526,-0.006334098985614122,0.3258056640625,0.5243705883709971,,,MTL_concept,
rsa,,fine-only,raw,clip_embed,14,0.03210273444610728,0.013719745504044414,0.7142857142857143,0.020263671875,0.03589570670390371,0.07160916054592821,0.026540106151959474,0.7857142857142857,0.0067138671875,0.018258292126697676,0.01867917606359837,0.010244490266274456,0.6428571428571429,0.10400390625,0.09132047286450666,0.06785911784775696,0.02483810996259978,0.7857142857142857,0.0067138671875,0.017114465873485852,-0.039506426099820954,0.0107421875,0.1862482134518193,,,MTL_concept,
rsa,,fine-only,raw,clip_ln_post,14,0.03210273444610728,0.013719745504044414,0.7142857142857143,0.020263671875,0.03589570670390371,0.08382475305341588,0.03032871955017395,0.7142857142857143,0.008544921875,0.016105101161751012,0.0068935221964332,0.00792316977876221,0.5,0.5830078125,0.4000555773861322,0.0802563713985075,0.027979217175120252,0.7142857142857143,0.008544921875,0.013182806652448753,-0.05172201860730861,0.008544921875,0.2477029998563276,,,MTL_concept,
rsa,,fine-only,raw,resnet50_avgpool,14,0.03210273444610728,0.013719745504044414,0.7142857142857143,0.020263671875,0.03589570670390371,0.0765734807720427,0.027366034026931055,0.8571428571428571,0.0030517578125,0.015083867135609297,-0.005692457977470077,0.005427705242762682,0.35714285714285715,0.3258056640625,0.31338779638982356,0.07183689095299406,0.024187564811073953,0.8571428571428571,0.001708984375,0.010846975699817863,-0.04447074632593543,0.001708984375,0.43415330040503025,,,MTL_concept,
rsa,,identity+fine,centred,clip_embed,14,0.08071479789209089,0.030643682594000268,0.7142857142857143,0.0052490234375,0.020630818716441016,0.07160916054592821,0.026540106151959474,0.7857142857142857,0.0067138671875,0.018258292126697676,0.05099571636224456,0.02060764093142684,0.6428571428571429,0.0166015625,0.027892046589565084,0.03416248772577606,0.012931322585529714,0.7857142857142857,0.013427734375,0.020324749262859067,0.009105637346162664,0.118896484375,0.5124157293248183,,,MTL_concept,
rsa,,identity+fine,centred,clip_ln_post,14,0.08071479789209089,0.030643682594000268,0.7142857142857143,0.0052490234375,0.020630818716441016,0.08382475305341588,0.03032871955017395,0.7142857142857143,0.008544921875,0.016105101161751012,0.03507881125511283,0.016311482654051357,0.7142857142857143,0.0579833984375,0.050904305455786246,0.04415197668866778,0.015018137541571585,0.7142857142857143,0.0067138671875,0.011492494558650083,-0.003109955161324988,0.6697998046875,0.5838987324904179,,,MTL_concept,
rsa,,identity+fine,centred,resnet50_avgpool,14,0.08071479789209089,0.030643682594000268,0.7142857142857143,0.0052490234375,0.020630818716441016,0.0765734807720427,0.027366034026931055,0.8571428571428571,0.0030517578125,0.015083867135609297,0.04321789210804098,0.01795837096103402,0.6428571428571429,0.0166015625,0.031693356431292195,0.034421482704841334,0.010590929380484062,0.8571428571428571,0.0023193359375,0.0063271268530781105,0.004141317120048188,0.3909912109375,0.5620520419583392,,,MTL_concept,
rsa,,identity+fine,raw,clip_embed,14,0.04800265981234505,0.021024226148220602,0.6428571428571429,0.0418701171875,0.0398813739116684,0.07160916054592821,0.026540106151959474,0.7857142857142857,0.0067138671875,0.018258292126697676,0.024417018146035956,0.013458966484017442,0.6428571428571429,0.067626953125,0.09278651927267843,0.05914571470461784,0.021191066324100404,0.7857142857142857,0.008544921875,0.015288841394422124,-0.023606500733583165,0.020263671875,0.33484144819728634,,,MTL_concept,
rsa,,identity+fine,raw,clip_ln_post,14,0.04800265981234505,0.021024226148220602,0.6428571428571429,0.0418701171875,0.0398813739116684,0.08382475305341588,0.03032871955017395,0.7142857142857143,0.008544921875,0.016105101161751012,0.01904369323842788,0.01156374793119239,0.6428571428571429,0.153076171875,0.12353682681100248,0.07271675631587908,0.024949729697922057,0.7142857142857143,0.0067138671875,0.012066565888638048,-0.035822093241070815,0.0067138671875,0.31493347726103504,,,MTL_concept,
rsa,,identity+fine,raw,resnet50_avgpool,14,0.04800265981234505,0.021024226148220602,0.6428571428571429,0.0418701171875,0.0398813739116684,0.0765734807720427,0.027366034026931055,0.8571428571428571,0.0030517578125,0.015083867135609297,0.03690162702142833,0.01712757139554315,0.5714285714285714,0.0494384765625,0.050537718384930756,0.07024845890292881,0.024661535948165544,0.8571428571428571,0.0030517578125,0.013696211105947154,-0.028570820959697634,0.0030517578125,0.12335544222535481,,,MTL_concept,
cell_by_pref_desc_type,MTL concept,fine-only,centred,clip_embed,49,0.05189061086999196,0.022339889919303437,0.5918367346938775,0.053089493282996614,0.02447670387722304,0.052673224500050075,0.0247807025989985,0.5918367346938775,0.049433735818887214,0.03871125473175722,0.009822907976360777,0.023583033844198933,0.4897959183673469,0.9293119985947342,0.6788830997310495,0.046622817837255616,0.025062145035725163,0.5714285714285714,0.11430400450455025,0.06897749244468407,-0.0007826136300581177,0.7825133747314545,0.49879671224423083,-0.021260778271820227,0.06106591186876642,,fine
cell_by_pref_desc_type,MTL concept,fine-only,centred,clip_ln_post,49,0.05189061086999196,0.022339889919303437,0.5918367346938775,0.053089493282996614,0.02447670387722304,0.06159678966596542,0.02249080630430292,0.6122448979591837,0.010313875523515037,0.00862889404198374,0.017644995240800064,0.02286211631138187,0.46938775510204084,0.7152332893061519,0.44401582484678725,0.05208740944219526,0.022377137957709063,0.5918367346938775,0.04170385423242351,0.024190500370604547,-0.009706178795973453,0.60109554348535,0.4948156448070529,-0.021260778271820227,0.06106591186876642,,fine
cell_by_pref_desc_type,MTL concept,fine-only,centred,resnet50_avgpool,49,0.05189061086999196,0.022339889919303437,0.5918367346938775,0.053089493282996614,0.02447670387722304,0.05746091555634138,0.019128556141141267,0.673469387755102,0.0056807936174259055,0.004225555904104151,0.027970502242339695,0.022920684864957852,0.5306122448979592,0.46504850070737547,0.22830616533846015,0.0348838829983534,0.019910195996905338,0.5714285714285714,0.11430400450455025,0.08614997018258844,-0.005570304686349436,0.9449924875689604,0.4691200054028893,-0.021260778271820227,0.06106591186876642,,fine
cell_by_pref_desc_type,MTL concept,fine-only,raw,clip_embed,49,0.039938655199193485,0.025255185769175105,0.5918367346938775,0.1842216832212209,0.12035341546265557,0.052673224500050075,0.0247807025989985,0.5918367346938775,0.049433735818887214,0.03871125473175722,0.03651095550927886,0.024892538066484466,0.5918367346938775,0.23884737889513374,0.14896755270694254,0.04505087117823001,0.024552142489776236,0.5918367346938775,0.08905527743770847,0.07272062359720413,-0.0127345693008566,0.7749480399920898,0.15782651597133368,-0.022501042774716845,0.04068629083575459,,fine
cell_by_pref_desc_type,MTL concept,fine-only,raw,clip_ln_post,49,0.039938655199193485,0.025255185769175105,0.5918367346938775,0.1842216832212209,0.12035341546265557,0.06159678966596542,0.02249080630430292,0.6122448979591837,0.010313875523515037,0.00862889404198374,0.04143961422779144,0.025793548524279345,0.5918367346938775,0.1842216832212209,0.11470407963441635,0.05843810032374692,0.023361100833134786,0.6122448979591837,0.018459513979312447,0.01582992859848257,-0.021658134466771926,0.3685782240385933,0.10232378311528359,-0.022501042774716845,0.04068629083575459,,fine
cell_by_pref_desc_type,MTL concept,fine-only,raw,resnet50_avgpool,49,0.039938655199193485,0.025255185769175105,0.5918367346938775,0.1842216832212209,0.12035341546265557,0.05746091555634138,0.019128556141141267,0.673469387755102,0.0056807936174259055,0.004225555904104151,0.04187517346708546,0.025858138261354243,0.5918367346938775,0.19092828477869617,0.11190962434699979,0.06278639281825311,0.01985006540787887,0.6938775510204082,0.0030986126029297623,0.002707351029845114,-0.017522260357147906,0.60109554348535,-0.024275339752973753,-0.022501042774716845,0.04068629083575459,,fine
cell_by_pref_desc_type,MTL concept,identity+fine,centred,clip_embed,49,0.021502118742022482,0.02107778310420563,0.5102040816326531,0.4353330401961557,0.3127801955839942,0.052673224500050075,0.0247807025989985,0.5918367346938775,0.049433735818887214,0.03871125473175722,-0.011729406609088569,0.01895220464428445,0.40816326530612246,0.3529225223167778,0.5389124378743049,0.04614110180942215,0.023074732722870646,0.6326530612244898,0.049433735818887214,0.05121642996492359,-0.031171105758027597,0.10106466069455422,0.5361711181679947,-0.014174243111199815,0.4123559463864943,,fine
cell_by_pref_desc_type,MTL concept,identity+fine,centred,clip_ln_post,49,0.021502118742022482,0.02107778310420563,0.5102040816326531,0.4353330401961557,0.3127801955839942,0.06159678966596542,0.02249080630430292,0.6122448979591837,0.010313875523515037,0.00862889404198374,-0.008826136325710537,0.01932165316418897,0.3469387755102041,0.42375505603421004,0.6498751763995545,0.051808617873258876,0.02119428363970897,0.7142857142857143,0.01794931213249029,0.018229833204066664,-0.040094670923942935,0.05696386993121649,0.5093998169389147,-0.014174243111199815,0.4123559463864943,,fine
cell_by_pref_desc_type,MTL concept,identity+fine,centred,resnet50_avgpool,49,0.021502118742022482,0.02107778310420563,0.5102040816326531,0.4353330401961557,0.3127801955839942,0.05746091555634138,0.019128556141141267,0.673469387755102,0.0056807936174259055,0.004225555904104151,-0.01967604477723434,0.023240058387939428,0.4489795918367347,0.3529225223167778,0.4013952826330095,0.06181810409024674,0.02115277430819753,0.673469387755102,0.00606133108838236,0.005282231124039747,-0.03595879681431891,0.07318741731499401,0.4940148799113456,-0.014174243111199815,0.4123559463864943,,fine
cell_by_pref_desc_type,MTL concept,identity+fine,raw,clip_embed,49,0.046540178257801844,0.024296234832775987,0.6326530612244898,0.06106591186876642,0.06139245682907635,0.052673224500050075,0.0247807025989985,0.5918367346938775,0.049433735818887214,0.03871125473175722,0.02346574210491181,0.023294126190972753,0.5306122448979592,0.46504850070737547,0.3188096692765692,0.04037404178081136,0.023551101148970455,0.6122448979591837,0.11663516788342676,0.09292174523708581,-0.006133046242248235,0.9214814718325073,0.4474812129721669,0.0387169811826158,0.6787370632633305,,fine
cell_by_pref_desc_type,MTL concept,identity+fine,raw,clip_ln_post,49,0.046540178257801844,0.024296234832775987,0.6326530612244898,0.06106591186876642,0.06139245682907635,0.06159678966596542,0.02249080630430292,0.6122448979591837,0.010313875523515037,0.00862889404198374,0.025367989693568883,0.024165536553836797,0.5510204081632653,0.4011373299120997,0.2990857257858042,0.052225049858129174,0.022217520417987417,0.5918367346938775,0.032423537400553926,0.022898487254973593,-0.01505661140816357,0.7598807895190127,0.42677931747299097,0.0387169811826158,0.6787370632633305,,fine
cell_by_pref_desc_type,MTL concept,identity+fine,raw,resnet50_avgpool,49,0.046540178257801844,0.024296234832775987,0.6326530612244898,0.06106591186876642,0.06139245682907635,0.05746091555634138,0.019128556141141267,0.673469387755102,0.0056807936174259055,0.004225555904104151,0.019538267113107015,0.024694449541508182,0.5306122448979592,0.7449024811260578,0.432719146936415,0.048422211462870374,0.019372507046333007,0.5714285714285714,0.035005169024110216,0.015908195634184892,-0.010920737298539545,0.3955961685534177,0.45324944673059736,0.0387169811826158,0.6787370632633305,,fine
cell_by_pref_desc_type,MTL concept,fine-only,centred,clip_embed,85,0.17577568956387787,0.02721058593584354,0.7764705882352941,4.7115170199031563e-08,6.482615633159099e-09,0.21749173543042383,0.025897058517457393,0.7764705882352941,9.267792132172543e-11,9.637994749944915e-13,0.08191252145290467,0.020200971025522874,0.7529411764705882,4.644160581262155e-05,0.00011166868816800616,0.11271496876561558,0.021804440403823563,0.7176470588235294,5.028238129003343e-06,1.5645534227323236e-06,-0.04171604586654598,0.1778539829655411,0.5964835956973368,0.017315332911330465,0.0012124629555879895,,identity
cell_by_pref_desc_type,MTL concept,fine-only,centred,clip_ln_post,85,0.17577568956387787,0.02721058593584354,0.7764705882352941,4.7115170199031563e-08,6.482615633159099e-09,0.23305238625325297,0.027164122664491235,0.7647058823529411,5.320133261962533e-11,4.167488601627131e-13,0.06752861952805639,0.019295363831296385,0.7058823529411765,0.0003524732395260675,0.0007478508893361917,0.13619789488896195,0.023001991463329326,0.7176470588235294,3.509580893794338e-07,6.76399140528557e-08,-0.057276696689375135,0.032315091804094385,0.5941501743222123,0.017315332911330465,0.0012124629555879895,,identity
cell_by_pref_desc_type,MTL concept,fine-only,centred,resnet50_avgpool,85,0.17577568956387787,0.02721058593584354,0.7764705882352941,4.7115170199031563e-08,6.482615633159099e-09,0.2395333131656424,0.027644920183025598,0.8235294117647058,3.41612902925338e-11,2.8080940375764524e-13,0.06800803778965564,0.017677252032015988,0.7058823529411765,8.40207332325384e-05,0.00023196613716481394,0.1455838750818581,0.02290592971428224,0.788235294117647,1.4042750850082023e-07,1.025097840266887e-08,-0.06375762360176442,0.011109624600289834,0.5349069636581928,0.017315332911330465,0.0012124629555879895,,identity
cell_by_pref_desc_type,MTL concept,fine-only,raw,clip_embed,85,0.1972935552466688,0.025823053667959315,0.7764705882352941,2.434827108376968e-09,3.168965465506918e-11,0.21749173543042383,0.025897058517457393,0.7764705882352941,9.267792132172543e-11,9.637994749944915e-13,0.08829219486947018,0.01845861346815822,0.6941176470588235,2.470840634871938e-05,7.285805713216087e-06,0.12035613860338894,0.01995864593193319,0.788235294117647,2.534359723441815e-07,4.229338396413415e-08,-0.020198180183755025,0.11219838902604454,0.6233987450671142,0.14282276017117096,0.022826514426066785,,identity
cell_by_pref_desc_type,MTL concept,fine-only,raw,clip_ln_post,85,0.1972935552466688,0.025823053667959315,0.7764705882352941,2.434827108376968e-09,3.168965465506918e-11,0.23305238625325297,0.027164122664491235,0.7647058823529411,5.320133261962533e-11,4.167488601627131e-13,0.06440832240201154,0.017165120816053484,0.6705882352941176,0.0006262896994367705,0.0003215307573068583,0.1403411136157285,0.021064646677763362,0.7764705882352941,2.6571144697149385e-08,2.641256300359044e-09,-0.03575883100658416,0.011678774702431697,0.6467927060733164,0.14282276017117096,0.022826514426066785,,identity
cell_by_pref_desc_type,MTL concept,fine-only,raw,resnet50_avgpool,85,0.1972935552466688,0.025823053667959315,0.7764705882352941,2.434827108376968e-09,3.168965465506918e-11,0.2395333131656424,0.027644920183025598,0.8235294117647058,3.41612902925338e-11,2.8080940375764524e-13,0.06841068465151502,0.01604207115055573,0.6823529411764706,7.668170678812655e-05,5.222183931847229e-05,0.14926543002982073,0.021516217930042127,0.7647058823529411,1.4837793434208018e-08,7.718121753893221e-10,-0.042239757918973456,0.007871343136071117,0.5910891254583438,0.14282276017117096,0.022826514426066785,,identity
cell_by_pref_desc_type,MTL concept,identity+fine,centred,clip_embed,85,0.21707495179790884,0.027394675187443467,0.788235294117647,3.45444690663733e-10,8.608617762216965e-12,0.21749173543042383,0.025897058517457393,0.7764705882352941,9.267792132172543e-11,9.637994749944915e-13,0.09678329480285387,0.018657770286232854,0.6823529411764706,9.329668498431566e-06,1.4546994914449483e-06,0.09404775559297403,0.015446821158630377,0.6705882352941176,1.0193976191685577e-06,3.288325617111182e-08,-0.00041678363251499117,0.8591459832643851,0.7106975038246877,0.026523811509179547,0.0004989664286788091,,identity
cell_by_pref_desc_type,MTL concept,identity+fine,centred,clip_ln_post,85,0.21707495179790884,0.027394675187443467,0.788235294117647,3.45444690663733e-10,8.608617762216965e-12,0.23305238625325297,0.027164122664491235,0.7647058823529411,5.320133261962533e-11,4.167488601627131e-13,0.07292208874210922,0.01793807040144277,0.6470588235294118,0.00041632990324798797,0.00010761677116408977,0.11786410015896188,0.017568958142055186,0.6941176470588235,3.328573643462003e-08,2.1493608930706935e-09,-0.015977434455344122,0.15127930106372703,0.7224161536761302,0.026523811509179547,0.0004989664286788091,,identity
cell_by_pref_desc_type,MTL concept,identity+fine,centred,resnet50_avgpool,85,0.21707495179790884,0.027394675187443467,0.788235294117647,3.45444690663733e-10,8.608617762216965e-12,0.2395333131656424,0.027644920183025598,0.8235294117647058,3.41612902925338e-11,2.8080940375764524e-13,0.08760691275968233,0.017020809435631584,0.6823529411764706,7.451982914273941e-06,1.7126023236278172e-06,0.12547668542891358,0.01876259275055598,0.7529411764705882,3.8647841693304046e-08,2.3608858671976346e-09,-0.022458361367733423,0.09202951033380774,0.6663856869343073,0.026523811509179547,0.0004989664286788091,,identity
cell_by_pref_desc_type,MTL concept,identity+fine,raw,clip_embed,85,0.08390575400750382,0.01913327087217616,0.7176470588235294,7.52885628581157e-05,3.3362923983880805e-05,0.21749173543042383,0.025897058517457393,0.7764705882352941,9.267792132172543e-11,9.637994749944915e-13,0.01306843869525682,0.016047299230513266,0.611764705882353,0.21253996299657985,0.41773577491302605,0.19914069228091916,0.024875566763178474,0.7647058823529411,6.570652040393006e-10,5.914725262739816e-12,-0.13358598142292008,4.16364299473068e-06,0.2830650313285516,-0.08246522019940473,2.594297831150259e-07,,identity
cell_by_pref_desc_type,MTL concept,identity+fine,raw,clip_ln_post,85,0.08390575400750382,0.01913327087217616,0.7176470588235294,7.52885628581157e-05,3.3362923983880805e-05,0.23305238625325297,0.027164122664491235,0.7647058823529411,5.320133261962533e-11,4.167488601627131e-13,0.004517453330547016,0.01606118284390702,0.5764705882352941,0.5585710145659278,0.7791986117580181,0.21705801458616308,0.02625753164215021,0.7647058823529411,3.085862561472468e-10,1.7730103682492713e-12,-0.14914663224574923,1.655738755816027e-06,0.2759194563207153,-0.08246522019940473,2.594297831150259e-07,,identity
cell_by_pref_desc_type,MTL concept,identity+fine,raw,resnet50_avgpool,85,0.08390575400750382,0.01913327087217616,0.7176470588235294,7.52885628581157e-05,3.3362923983880805e-05,0.2395333131656424,0.027644920183025598,0.8235294117647058,3.41612902925338e-11,2.8080940375764524e-13,0.019797778469267804,0.015599844544056453,0.6352941176470588,0.11419264738783409,0.20791028612658716,0.2217881125368449,0.026801236461531455,0.8,2.460261477614913e-10,1.7024291207061393e-12,-0.1556275591581385,1.4203324828067109e-06,0.2329321731590776,-0.08246522019940473,2.594297831150259e-07,,identity
