analysis,term,estimate,se,z,p,n_obs,n_subjects,random_structure,note
"1a depth x region (MTL vs MFC), all models",Intercept,0.00798857073592753,0.006112943367601247,1.3068288475020322,0.19127084549964957,1887,20,RI subject + RS rel_depth,"RE sd(Group)=0.0255, sd(rel_depth)=0.0151, sd(resid)=0.0381; fits: ok"
"1a depth x region (MTL vs MFC), all models","C(region, Treatment('MFC'))[T.MTL]",0.014895177303631593,0.003148927777586641,4.730237831954137,2.2425696014240824e-06,1887,20,RI subject + RS rel_depth,"RE sd(Group)=0.0255, sd(rel_depth)=0.0151, sd(resid)=0.0381; fits: ok"
"1a depth x region (MTL vs MFC), all models",rel_depth,0.008447804867741245,0.00504556463479543,1.6743031710431662,0.09407103161960136,1887,20,RI subject + RS rel_depth,"RE sd(Group)=0.0255, sd(rel_depth)=0.0151, sd(resid)=0.0381; fits: ok"
"1a depth x region (MTL vs MFC), all models","rel_depth:C(region, Treatment('MFC'))[T.MTL]",0.02217850245636972,0.0053831588698849435,4.119979178107324,3.789066390907436e-05,1887,20,RI subject + RS rel_depth,"RE sd(Group)=0.0255, sd(rel_depth)=0.0151, sd(resid)=0.0381; fits: ok"
"1a depth x region (MTL vs MFC), all models",rel_depth slope within MTL,0.030626307324110966,0.005141029245350811,5.957232659551055,2.565448957124896e-09,1887,20,RI subject + RS rel_depth,"RE sd(Group)=0.0255, sd(rel_depth)=0.0151, sd(resid)=0.0381; fits: ok"
"1a depth x region (MTL vs MFC), cnn models",Intercept,0.007344326319031147,0.005971813065100284,1.2298319185427842,0.21876005296167256,1332,20,RI subject + RS rel_depth,"RE sd(Group)=0.0240, sd(rel_depth)=0.0197, sd(resid)=0.0380; fits: ok"
"1a depth x region (MTL vs MFC), cnn models","C(region, Treatment('MFC'))[T.MTL]",0.01376904048125386,0.0038020572502025208,3.621471107653741,0.0002929325246967752,1332,20,RI subject + RS rel_depth,"RE sd(Group)=0.0240, sd(rel_depth)=0.0197, sd(resid)=0.0380; fits: ok"
"1a depth x region (MTL vs MFC), cnn models",rel_depth,0.009203345617198475,0.006213178677638204,1.481262022983848,0.1385367642528807,1332,20,RI subject + RS rel_depth,"RE sd(Group)=0.0240, sd(rel_depth)=0.0197, sd(resid)=0.0380; fits: ok"
"1a depth x region (MTL vs MFC), cnn models","rel_depth:C(region, Treatment('MFC'))[T.MTL]",0.025010043289989813,0.006310223949611015,3.9634161148165785,7.388483282504343e-05,1332,20,RI subject + RS rel_depth,"RE sd(Group)=0.0240, sd(rel_depth)=0.0197, sd(resid)=0.0380; fits: ok"
"1a depth x region (MTL vs MFC), cnn models",rel_depth slope within MTL,0.03421338890718829,0.006317166980958852,5.415938665277327,6.096799978688206e-08,1332,20,RI subject + RS rel_depth,"RE sd(Group)=0.0240, sd(rel_depth)=0.0197, sd(resid)=0.0380; fits: ok"
"1a depth x region (MTL vs MFC), transformer models",Intercept,0.00939723021745378,0.008085644776477476,1.1622116080082976,0.2451495206470875,555,20,RI subject,"RE sd(Group)=0.0316, sd(resid)=0.0386; fits: RI subject + RS rel_depth: Maximum Likelihood optimization failed to converge. Check ml; Retrying MixedLM optimization with bfgs; Maximum Likelihood optimization failed to converge. Check ml; Retrying MixedLM optimization with powell"
"1a depth x region (MTL vs MFC), transformer models","C(region, Treatment('MFC'))[T.MTL]",0.01777249026201398,0.0056864076764443616,3.1254337137373325,0.0017754307844342313,555,20,RI subject,"RE sd(Group)=0.0316, sd(resid)=0.0386; fits: RI subject + RS rel_depth: Maximum Likelihood optimization failed to converge. Check ml; Retrying MixedLM optimization with bfgs; Maximum Likelihood optimization failed to converge. Check ml; Retrying MixedLM optimization with powell"
"1a depth x region (MTL vs MFC), transformer models",rel_depth,0.006380494994242223,0.0073303738750479,0.8704187675830559,0.38407159407775726,555,20,RI subject,"RE sd(Group)=0.0316, sd(resid)=0.0386; fits: RI subject + RS rel_depth: Maximum Likelihood optimization failed to converge. Check ml; Retrying MixedLM optimization with bfgs; Maximum Likelihood optimization failed to converge. Check ml; Retrying MixedLM optimization with powell"
"1a depth x region (MTL vs MFC), transformer models","rel_depth:C(region, Treatment('MFC'))[T.MTL]",0.014507688119490993,0.010509710067032283,1.3804080252413333,0.16746105062258265,555,20,RI subject,"RE sd(Group)=0.0316, sd(resid)=0.0386; fits: RI subject + RS rel_depth: Maximum Likelihood optimization failed to converge. Check ml; Retrying MixedLM optimization with bfgs; Maximum Likelihood optimization failed to converge. Check ml; Retrying MixedLM optimization with powell"
"1a depth x region (MTL vs MFC), transformer models",rel_depth slope within MTL,0.020888183113733215,0.007531243227057208,2.773537181575685,0.0055450503384474725,555,20,RI subject,"RE sd(Group)=0.0316, sd(resid)=0.0386; fits: RI subject + RS rel_depth: Maximum Likelihood optimization failed to converge. Check ml; Retrying MixedLM optimization with bfgs; Maximum Likelihood optimization failed to converge. Check ml; Retrying MixedLM optimization with powell"
1b depth x region (amygdala / hippocampus / MFC),Intercept,0.007735149797873948,0.005835669694047939,1.325494793813189,0.18500709504660606,2601,20,RI subject,"RE sd(Group)=0.0240, sd(resid)=0.0397; fits: RI subject + RS rel_depth: RE covariance singular / variance ~0"
1b depth x region (amygdala / hippocampus / MFC),"C(region, Treatment('MFC'))[T.amygdala]",0.007963101226628397,0.003340111979056276,2.3840821135818064,0.01712178146976458,2601,20,RI subject,"RE sd(Group)=0.0240, sd(resid)=0.0397; fits: RI subject + RS rel_depth: RE covariance singular / variance ~0"
1b depth x region (amygdala / hippocampus / MFC),"C(region, Treatment('MFC'))[T.hippocampus]",-0.0022735253951090186,0.003473070600677169,-0.6546153696575397,0.5127154259416385,2601,20,RI subject,"RE sd(Group)=0.0240, sd(resid)=0.0397; fits: RI subject + RS rel_depth: RE covariance singular / variance ~0"
1b depth x region (amygdala / hippocampus / MFC),rel_depth,0.007626557470579184,0.0038955831345815267,1.9577447604384004,0.0502599701750929,2601,20,RI subject,"RE sd(Group)=0.0240, sd(resid)=0.0397; fits: RI subject + RS rel_depth: RE covariance singular / variance ~0"
1b depth x region (amygdala / hippocampus / MFC),"rel_depth:C(region, Treatment('MFC'))[T.amygdala]",0.020835393222818,0.005668906142560371,3.675381581358773,0.00023749418147439,2601,20,RI subject,"RE sd(Group)=0.0240, sd(resid)=0.0397; fits: RI subject + RS rel_depth: RE covariance singular / variance ~0"
1b depth x region (amygdala / hippocampus / MFC),"rel_depth:C(region, Treatment('MFC'))[T.hippocampus]",5.4572311310233396e-05,0.005864976900135385,0.00930477855914039,0.992575967973553,2601,20,RI subject,"RE sd(Group)=0.0240, sd(resid)=0.0397; fits: RI subject + RS rel_depth: RE covariance singular / variance ~0"
1b depth x region (amygdala / hippocampus / MFC),amygdala - hippocampus (intercept),0.010236626621737415,0.0035332009242229484,2.8972670508368386,0.003764291770951706,2601,20,RI subject,"RE sd(Group)=0.0240, sd(resid)=0.0397; fits: RI subject + RS rel_depth: RE covariance singular / variance ~0"
1b depth x region (amygdala / hippocampus / MFC),amygdala - hippocampus (depth slope),0.020780820911507764,0.006015256850327189,3.4546855485277295,0.0005509349740490041,2601,20,RI subject,"RE sd(Group)=0.0240, sd(resid)=0.0397; fits: RI subject + RS rel_depth: RE covariance singular / variance ~0"
1b depth x region (amygdala / hippocampus / MFC),rel_depth slope within amygdala,0.028461950693397183,0.004118364832639599,6.910983327126693,4.8130562907928125e-12,2601,20,RI subject,"RE sd(Group)=0.0240, sd(resid)=0.0397; fits: RI subject + RS rel_depth: RE covariance singular / variance ~0"
1b depth x region (amygdala / hippocampus / MFC),rel_depth slope within hippocampus,0.007681129781889418,0.004384334166174563,1.7519489826185826,0.07978258082168618,2601,20,RI subject,"RE sd(Group)=0.0240, sd(resid)=0.0397; fits: RI subject + RS rel_depth: RE covariance singular / variance ~0"
"2 MTL depth slope, alexnet",Intercept,0.029088462162220566,0.017091756676527903,1.7019000862660145,0.08877409962170002,144,18,RI subject,"RE sd(Group)=0.0713, sd(resid)=0.0208; fits: ok"
"2 MTL depth slope, alexnet",rel_depth,0.02545029339370526,0.005293327979308831,4.807994798959803,1.5245173110599382e-06,144,18,RI subject,"RE sd(Group)=0.0713, sd(resid)=0.0208; fits: ok"
"2 MTL depth slope, convnext_tiny",Intercept,0.018880369697848582,0.011499923133121502,1.641782251871779,0.1006351384710357,108,18,RI subject,"RE sd(Group)=0.0469, sd(resid)=0.0185; fits: ok"
"2 MTL depth slope, convnext_tiny",rel_depth,0.030799865746576432,0.005206672768634656,5.915460240197325,3.3094885078532236e-09,108,18,RI subject,"RE sd(Group)=0.0469, sd(resid)=0.0185; fits: ok"
"2 MTL depth slope, resnet18",Intercept,0.019470728871493898,0.016250048709519883,1.1981951081837199,0.23084106935812476,126,18,RI subject,"RE sd(Group)=0.0663, sd(resid)=0.0276; fits: ok"
"2 MTL depth slope, resnet18",rel_depth,0.041891022236411744,0.007366850117738946,5.686422496304167,1.2972821941914104e-08,126,18,RI subject,"RE sd(Group)=0.0663, sd(resid)=0.0276; fits: ok"
"2 MTL depth slope, resnet50",Intercept,0.01400048289289745,0.014799108049014029,0.9460355885319868,0.34413043465338244,126,18,RI subject,"RE sd(Group)=0.0594, sd(resid)=0.0300; fits: ok"
"2 MTL depth slope, resnet50",rel_depth,0.046748542050950956,0.008014786047254951,5.8327872728383365,5.450904475503781e-09,126,18,RI subject,"RE sd(Group)=0.0594, sd(resid)=0.0300; fits: ok"
"2 MTL depth slope, vgg16",Intercept,0.026024434066890624,0.016492668785624585,1.577939532113454,0.11457950199323379,144,18,RI subject,"RE sd(Group)=0.0688, sd(resid)=0.0199; fits: ok"
"2 MTL depth slope, vgg16",rel_depth,0.03074686847673149,0.005059241700668754,6.077366984199871,1.2217194777522398e-09,144,18,RI subject,"RE sd(Group)=0.0688, sd(resid)=0.0199; fits: ok"
"2 MTL depth slope, clip_vitb32",Intercept,0.027462237897580906,0.018938555993090283,1.4500703172723666,0.1470389114646997,90,18,RI subject,"RE sd(Group)=0.0784, sd(resid)=0.0229; fits: ok"
"2 MTL depth slope, clip_vitb32",rel_depth,0.045665747153276974,0.008520138030251279,5.359742646320741,8.334058793787692e-08,90,18,RI subject,"RE sd(Group)=0.0784, sd(resid)=0.0229; fits: ok"
"2 MTL depth slope, dinov2_small",Intercept,0.027574044450120593,0.013167580362807406,2.0940859057146963,0.036252328372529015,90,18,RI subject,"RE sd(Group)=0.0542, sd(resid)=0.0174; fits: ok"
"2 MTL depth slope, dinov2_small",rel_depth,0.008412739378967901,0.005199099501045157,1.6181147095332022,0.10563787904114848,90,18,RI subject,"RE sd(Group)=0.0542, sd(resid)=0.0174; fits: ok"
"2 MTL depth slope, vit_b_16",Intercept,0.02355469907287306,0.013302984324510842,1.770632701526481,0.07662180027627677,90,18,RI subject,"RE sd(Group)=0.0548, sd(resid)=0.0175; fits: ok"
"2 MTL depth slope, vit_b_16",rel_depth,0.023674221979363398,0.00651831749694416,3.6319528759472153,0.0002812844952565929,90,18,RI subject,"RE sd(Group)=0.0548, sd(resid)=0.0175; fits: ok"
3 last layer: region (MTL vs MFC) x family (cnn vs transformer),Intercept,0.012547251406548608,0.008928950395970503,1.405232513354648,0.15995214884757725,296,20,RI subject,"RE sd(Group)=0.0349, sd(resid)=0.0418; fits: ok; last layers: alexnet=logits, clip_vitb32=ln_post, convnext_tiny=logits, dinov2_small=norm, resnet18=logits, resnet50=logits, vgg16=logits, vit_b_16=ln"
3 last layer: region (MTL vs MFC) x family (cnn vs transformer),"C(region, Treatment('MFC'))[T.MTL]",0.03663281360858262,0.006285137610666297,5.828482346419002,5.593371258040392e-09,296,20,RI subject,"RE sd(Group)=0.0349, sd(resid)=0.0418; fits: ok; last layers: alexnet=logits, clip_vitb32=ln_post, convnext_tiny=logits, dinov2_small=norm, resnet18=logits, resnet50=logits, vgg16=logits, vit_b_16=ln"
3 last layer: region (MTL vs MFC) x family (cnn vs transformer),"C(family, Treatment('cnn'))[T.transformer]",0.00023472582807086074,0.006997227471512115,0.03354554772250901,0.9732395444229041,296,20,RI subject,"RE sd(Group)=0.0349, sd(resid)=0.0418; fits: ok; last layers: alexnet=logits, clip_vitb32=ln_post, convnext_tiny=logits, dinov2_small=norm, resnet18=logits, resnet50=logits, vgg16=logits, vit_b_16=ln"
3 last layer: region (MTL vs MFC) x family (cnn vs transformer),"C(region, Treatment('MFC'))[T.MTL]:C(family, Treatment('cnn'))[T.transformer]",-0.005066016401381761,0.01003207111290558,-0.5049821063234563,0.6135714039041829,296,20,RI subject,"RE sd(Group)=0.0349, sd(resid)=0.0418; fits: ok; last layers: alexnet=logits, clip_vitb32=ln_post, convnext_tiny=logits, dinov2_small=norm, resnet18=logits, resnet50=logits, vgg16=logits, vit_b_16=ln"
3 last layer: region (MTL vs MFC) x family (cnn vs transformer),MTL - MFC within transformer,0.03156679720720086,0.008041366021305752,3.9255515945380464,8.653121945792849e-05,296,20,RI subject,"RE sd(Group)=0.0349, sd(resid)=0.0418; fits: ok; last layers: alexnet=logits, clip_vitb32=ln_post, convnext_tiny=logits, dinov2_small=norm, resnet18=logits, resnet50=logits, vgg16=logits, vit_b_16=ln"
3 last layer: region (MTL vs MFC) x family (cnn vs transformer),transformer - cnn within MTL,-0.0048312905733109,0.0071889678345580825,-0.6720423132353447,0.5015567592781045,296,20,RI subject,"RE sd(Group)=0.0349, sd(resid)=0.0418; fits: ok; last layers: alexnet=logits, clip_vitb32=ln_post, convnext_tiny=logits, dinov2_small=norm, resnet18=logits, resnet50=logits, vgg16=logits, vit_b_16=ln"
