image_uid,n_faces,face_found,largest_face_area,face_cx,face_cy
img_0000,1,1,0.11539098869082517,0.4833599853515625,0.3856468454996745
img_0001,1,1,0.34200635249150024,0.5361468124389649,0.5816885248819987
img_0002,1,1,0.24717155191018053,0.5472735595703125,0.42920938491821287
img_0003,1,1,0.3327036996811374,0.4651564311981201,0.45562706629435223
img_0004,1,1,0.27213063552,0.4946910285949707,0.41997135162353516
img_0005,2,1,0.100105238766619,0.5171305847167968,0.47996283213297525
img_0006,1,1,0.12543017145845806,0.4609768676757813,0.45612689971923825
img_0007,1,1,0.26816403169420666,0.42776315689086913,0.5630585479736329
img_0008,1,1,0.17211226041935151,0.5975570678710938,0.4071668879191081
img_0009,1,1,0.18195000072168088,0.3916633605957031,0.3986318143208822
img_0010,1,1,0.13635615142986934,0.48260931015014646,0.5318907038370768
img_0011,1,1,0.1792452839628968,0.7652422714233399,0.4796615727742513
img_0012,1,1,0.003658703314585728,0.4399871826171875,0.08163873990376791
img_0013,1,1,0.1722964871706053,0.5942824935913086,0.5175719706217448
img_0014,1,1,0.07368103534341693,0.4955117988586426,0.3252959060668945
img_0015,1,1,0.2846815599815141,0.36271990299224854,0.6036978530883789
img_0016,1,1,0.2457754531674087,0.40514598846435546,0.5053493754069011
img_0017,2,1,0.045695290392095925,0.3785629653930664,0.22600030263264975
img_0018,1,1,0.06922818609929333,0.6992507934570312,0.25718851725260417
img_0019,0,0,0.0,,
img_0020,1,1,0.2618168762122659,0.4902104568481445,0.48716779708862307
img_0021,1,1,0.035496879778754376,0.49689043045043946,0.17542092005411783
img_0022,1,1,0.05700208161854971,0.41966638565063474,0.2851425870259603
img_0023,1,1,0.32414615839348987,0.488565673828125,0.3696280511220296
img_0024,0,0,0.0,,
img_0025,1,1,0.045735762649663954,0.4556565284729004,0.36717140197753906
img_0026,0,0,0.0,,
img_0027,1,1,0.19737302888726116,0.4767047882080078,0.4748045094807943
img_0028,0,0,0.0,,
img_0029,1,1,0.19428824111867773,0.3315566349029541,0.44200424194335936
img_0030,0,0,0.0,,
img_0031,1,1,0.10901291992663027,0.5444368171691895,0.30437353134155276
img_0032,0,0,0.0,,
img_0033,1,1,0.24861235914479862,0.41347726821899417,0.4538340759277344
img_0034,0,0,0.0,,
img_0035,1,1,0.003226968774116055,0.7058540725708008,0.378284060160319
img_0036,0,0,0.0,,
img_0037,2,1,0.029468424703370934,0.5548906517028809,0.4219510904947917
img_0038,1,1,0.19034987051737748,0.49719005584716797,0.48925766626993816
img_0039,1,1,0.1279006173400337,0.5090727043151856,0.34409582455952964
img_0040,0,0,0.0,,
img_0041,0,0,0.0,,
img_0042,2,1,0.011770834215110517,0.34003305435180664,0.2610966873168945
img_0043,0,0,0.0,,
img_0044,0,0,0.0,,
img_0045,0,0,0.0,,
img_0046,0,0,0.0,,
img_0047,1,1,0.29703332639813923,0.46841630935668943,0.40460998376210533
img_0048,0,0,0.0,,
img_0049,0,0,0.0,,
img_0050,0,0,0.0,,
img_0051,1,1,0.03277246734644965,0.6974360847473144,0.375436642964681
img_0052,0,0,0.0,,
img_0053,1,1,0.7954645308380066,0.5973650074005127,0.3903237469991048
img_0054,1,1,0.13009589985823064,0.4768606948852539,0.4366598892211914
img_0055,1,1,0.14588567896056145,0.5320578002929688,0.5296153132120768
img_0056,1,1,0.07512466134410352,0.8076968383789063,0.47957875569661457
img_0057,1,1,0.24793221560658094,0.3596809864044189,0.41995490074157715
img_0058,1,1,0.13701002456462447,0.47724424362182616,0.4003621482849121
img_0059,1,1,0.14864804609647653,0.2924601697921753,0.4645049476623535
img_0060,1,1,0.20692809524617622,0.50101318359375,0.3331715647379557
img_0061,1,1,0.02857206767303481,0.5684033203125,0.2269142214457194
img_0062,3,1,0.15872690310948528,0.6022883224487304,0.42311436971028643
img_0064,1,1,0.13111069582224444,0.4090850639343262,0.38867024103800457
img_0065,1,1,0.11556716073432471,0.5648779487609863,0.38402333577473957
img_0066,0,0,0.0,,
img_0067,0,0,0.0,,
img_0068,1,1,0.47243580534966834,0.44908907890319827,0.5113636302947998
img_0069,1,1,0.11329497464614396,0.5177206802368164,0.348186461130778
img_0070,1,1,0.11695966893893929,0.5752837944030762,0.36518461227416993
img_0071,0,0,0.0,,
img_0072,0,0,0.0,,
img_0073,0,0,0.0,,
img_0074,0,0,0.0,,
img_0075,1,1,0.022473655617854093,0.44224689483642576,0.20552202860514324
img_0076,5,1,0.004663593277557084,0.2053837299346924,0.16509214401245118
img_0077,0,0,0.0,,
img_0078,1,1,0.15342397717863787,0.4848141860961914,0.3788836669921875
img_0079,1,1,0.3069808224851074,0.46352023124694824,0.5477620124816894
img_0080,0,0,0.0,,
img_0081,0,0,0.0,,
img_0082,2,1,0.1280613490914111,0.7516482162475586,0.4147998301188151
img_0083,2,1,0.06897285402482667,0.4812306785583496,0.3338114802042643
img_0084,1,1,0.04680891900050144,0.48186851501464845,0.32188856760660806
img_0085,1,1,0.25122039778015703,0.5817083168029785,0.528422679901123
img_0086,0,0,0.0,,
img_0087,0,0,0.0,,
img_0088,4,1,0.022906539231726007,0.3299802112579346,0.33864952087402345
img_0089,0,0,0.0,,
img_0090,3,1,0.08376304296159372,0.16011275768280028,0.31580397923787434
img_0091,1,1,0.1841544041677189,0.5601207542419434,0.4947927029927572
img_0092,1,1,0.2105840332988577,0.4341278171539307,0.4542524846394857
img_0093,0,0,0.0,,
img_0094,0,0,0.0,,
img_0095,0,0,0.0,,
img_0096,0,0,0.0,,
img_0097,0,0,0.0,,
img_0098,0,0,0.0,,
img_0099,0,0,0.0,,
img_0100,0,0,0.0,,
img_0101,0,0,0.0,,
img_0102,0,0,0.0,,
img_0103,0,0,0.0,,
img_0104,0,0,0.0,,
img_0105,0,0,0.0,,
img_0106,0,0,0.0,,
img_0107,0,0,0.0,,
img_0108,1,1,0.07769993668135722,0.5109826278686523,0.4645172882080078
img_0109,1,1,0.1627073598727933,0.46901756286621094,0.4674864959716797
img_0110,1,1,0.10055440587446356,0.5093316841125488,0.3003874651590983
img_0111,0,0,0.0,,
img_0112,0,0,0.0,,
img_0113,0,0,0.0,,
img_0114,0,0,0.0,,
img_0115,1,1,0.4288341439386689,0.49944578170776366,0.498813304901123
img_0116,1,1,0.14839437594308014,0.5110441589355469,0.3872174644470215
img_0117,0,0,0.0,,
img_0118,1,1,0.12598360092143898,0.5512822914123535,0.28328184763590497
img_0119,1,1,0.13995467852073779,0.574324836730957,0.424286683400472
img_0120,1,1,0.09217495506203462,0.56970458984375,0.27687040011088054
img_0121,1,1,0.20348896691163537,0.46192432403564454,0.5134511311848958
img_0122,1,1,0.19669783682183672,0.5491042137145996,0.42273396809895836
img_0123,0,0,0.0,,
img_0124,0,0,0.0,,
img_0125,0,0,0.0,,
img_0126,1,1,0.1826126691859099,0.5408818244934082,0.4413454182942708
img_0127,0,0,0.0,,
img_0128,0,0,0.0,,
img_0129,0,0,0.0,,
img_0130,0,0,0.0,,
img_0131,0,0,0.0,,
img_0132,0,0,0.0,,
img_0133,0,0,0.0,,
img_0134,1,1,0.23187899618726224,0.5631240081787109,0.47152135213216145
img_0135,1,1,0.2097553557772073,0.5083573341369629,0.530911865234375
img_0136,1,1,0.14976738767525044,0.5171149253845215,0.36609236399332684
img_0137,1,1,0.10876231241592031,0.5644040107727051,0.3512482579549154
img_0138,0,0,0.0,,
img_0139,0,0,0.0,,
img_0140,0,0,0.0,,
img_0141,0,0,0.0,,
img_0142,0,0,0.0,,
img_0143,0,0,0.0,,
img_0144,0,0,0.0,,
img_0145,0,0,0.0,,
img_0146,1,1,0.13503437936439877,0.5036649513244629,0.41857503255208334
img_0147,1,1,0.1467509009293979,0.5306226348876953,0.5142956288655599
img_0148,1,1,0.17144068034929805,0.5232063484191894,0.462151362101237
img_0149,1,1,0.19514628419713118,0.5174500274658204,0.4994446818033854
img_0150,1,1,0.31635239997967535,0.6591828155517578,0.5188660303751628
img_0151,1,1,0.2613004825170016,0.5136671447753907,0.43337257703145343
img_0152,1,1,0.18567361092358237,0.46364229202270507,0.5111516253153483
img_0153,1,1,0.2651399844512343,0.45150054931640626,0.5246553293863933
img_0154,1,1,0.1343175285775777,0.5675796318054199,0.36175921122233073
img_0155,1,1,0.1162059441550858,0.4705483055114746,0.35946547190348305
img_0156,0,0,0.0,,
img_0157,2,1,0.037238118661295935,0.5046139526367187,0.39724161783854167
img_0158,1,1,0.19108887553334936,0.5366470336914062,0.5422449111938477
img_0159,0,0,0.0,,
img_0160,0,0,0.0,,
img_0161,0,0,0.0,,
img_0162,0,0,0.0,,
img_0163,1,1,0.20781911631025385,0.5154718208312988,0.5281444358825683
img_0164,2,1,0.030067346054012886,0.32074039459228515,0.20424418767293295
img_0165,1,1,0.17488060905207967,0.556320743560791,0.36341594060262045
img_0166,1,1,0.18880121027908364,0.5789863204956055,0.5488978830973307
img_0167,0,0,0.0,,
img_0168,1,1,0.02865760227274368,0.3224791431427002,0.23597542444864908
img_0169,0,0,0.0,,
img_0170,0,0,0.0,,
img_0171,1,1,0.37008812178175915,0.4447773361206055,0.4920609982808431
img_0172,0,0,0.0,,
img_0173,0,0,0.0,,
img_0174,0,0,0.0,,
img_0175,1,1,0.26024711413674717,0.5770096969604492,0.50858949025472
img_0176,0,0,0.0,,
img_0177,0,0,0.0,,
img_0178,1,1,0.10405829599567029,0.5040491485595703,0.407016429901123
img_0179,1,1,0.07181873953855829,0.7538559341430664,0.43026496887207033
img_0180,0,0,0.0,,
img_0181,0,0,0.0,,
img_0182,0,0,0.0,,
img_0183,0,0,0.0,,
img_0184,0,0,0.0,,
img_0185,0,0,0.0,,
img_0186,0,0,0.0,,
img_0187,0,0,0.0,,
img_0188,0,0,0.0,,
img_0189,1,1,0.20356001522893785,0.6113642883300782,0.46894776662190757
img_0190,1,1,0.7351700391577964,0.6648247528076172,0.6173452313741048
img_0191,0,0,0.0,,
img_0192,1,1,0.1699975314755143,0.4979351234436035,0.47778220494588214
img_0193,2,1,0.04330082866212179,0.6658877944946289,0.26198713302612303
img_0194,1,1,0.1810059945518927,0.4596205139160156,0.5510895029703776
img_0195,1,1,0.270573511444599,0.3338271999359131,0.5304347928365072
img_0196,2,1,0.1420765027080071,0.6613731765747071,0.3953888384501139
img_0197,1,1,0.20189503323044627,0.3721710205078125,0.4760483805338542
img_0198,0,0,0.0,,
img_0199,0,0,0.0,,
img_0200,0,0,0.0,,
img_0201,0,0,0.0,,
img_0202,0,0,0.0,,
img_0203,0,0,0.0,,
img_0204,0,0,0.0,,
img_0205,0,0,0.0,,
img_0206,0,0,0.0,,
img_0207,0,0,0.0,,
img_0208,0,0,0.0,,
img_0209,0,0,0.0,,
img_0210,0,0,0.0,,
img_0211,0,0,0.0,,
img_0212,0,0,0.0,,
img_0213,0,0,0.0,,
img_0214,1,1,0.026541815041666268,0.7036593437194825,0.38232664744059247
img_0215,0,0,0.0,,
img_0216,0,0,0.0,,
img_0217,0,0,0.0,,
img_0218,0,0,0.0,,
img_0219,0,0,0.0,,
img_0220,0,0,0.0,,
img_0221,0,0,0.0,,
img_0222,0,0,0.0,,
img_0223,0,0,0.0,,
img_0224,0,0,0.0,,
img_0225,0,0,0.0,,
img_0226,0,0,0.0,,
img_0227,0,0,0.0,,
img_0228,0,0,0.0,,
img_0229,0,0,0.0,,
img_0230,0,0,0.0,,
img_0231,0,0,0.0,,
img_0232,0,0,0.0,,
img_0233,0,0,0.0,,
img_0234,1,1,0.24079687258482252,0.7051690483093261,0.5123522186279297
img_0235,0,0,0.0,,
img_0236,0,0,0.0,,
img_0237,0,0,0.0,,
img_0238,0,0,0.0,,
img_0239,0,0,0.0,,
img_0240,0,0,0.0,,
img_0241,0,0,0.0,,
img_0242,0,0,0.0,,
img_0243,0,0,0.0,,
img_0244,0,0,0.0,,
img_0245,0,0,0.0,,
img_0246,0,0,0.0,,
img_0247,0,0,0.0,,
img_0248,2,1,0.02589761404018888,0.7338444137573242,0.3038235092163086
img_0249,0,0,0.0,,
img_0250,0,0,0.0,,
img_0251,0,0,0.0,,
img_0252,1,1,0.4018487007861724,0.5344701766967773,0.23982518513997395
img_0253,0,0,0.0,,
img_0254,1,1,0.21130303996441943,0.31094980239868164,0.4463144048055013
img_0255,2,1,0.015051981278746098,0.5087332725524902,0.17241753260294596
img_0256,0,0,0.0,,
img_0257,1,1,0.04564904340094169,0.46869964599609376,0.2438974666595459
img_0258,0,0,0.0,,
img_0259,0,0,0.0,,
img_0260,1,1,0.001633460150542669,0.3059306335449219,0.2888143920898438
img_0261,0,0,0.0,,
img_0262,0,0,0.0,,
img_0263,1,1,0.013211479675253698,0.5554490852355957,0.4070363362630208
img_0264,1,1,0.11299811151178292,0.5043885421752929,0.33866127967834475
img_0265,0,0,0.0,,
img_0266,1,1,0.00864258714308186,0.48351593017578126,0.2701250584920247
img_0267,0,0,0.0,,
img_0268,0,0,0.0,,
img_0269,0,0,0.0,,
img_0270,0,0,0.0,,
img_0271,0,0,0.0,,
img_0272,0,0,0.0,,
img_0273,0,0,0.0,,
img_0274,0,0,0.0,,
img_0275,0,0,0.0,,
img_0276,0,0,0.0,,
img_0277,0,0,0.0,,
img_0278,0,0,0.0,,
img_0279,0,0,0.0,,
img_0280,1,1,0.22106557498517213,0.6435241317749023,0.5547600046793619
img_0281,0,0,0.0,,
img_0282,1,1,0.04662080495681342,0.6877221870422363,0.35076459248860675
img_0283,1,1,0.1397407229012126,0.5537832832336426,0.3977262051900228
img_0284,1,1,0.22135302897798248,0.4816066551208496,0.529172134399414
img_0285,0,0,0.0,,
img_0286,0,0,0.0,,
img_0287,0,0,0.0,,
img_0288,0,0,0.0,,
img_0289,2,1,0.028616040525649925,0.32403260231018066,0.37858338673909503
img_0290,1,1,0.09028455858083471,0.3611655902862549,0.491181526184082
img_0291,2,1,0.07408474036849415,0.5349235534667969,0.38072046915690105
img_0292,0,0,0.0,,
img_0293,3,1,0.033588664472289385,0.7806910705566407,0.36485996246337893
img_0294,0,0,0.0,,
img_0295,0,0,0.0,,
img_0296,0,0,0.0,,
img_0297,0,0,0.0,,
img_0298,0,0,0.0,,
img_0299,3,1,0.00925286047187013,0.5050300979614257,0.13526320139567058
img_0300,0,0,0.0,,
img_0301,0,0,0.0,,
img_0302,0,0,0.0,,
img_0303,0,0,0.0,,
img_0304,0,0,0.0,,
img_0305,2,1,0.1560890991181368,0.5001685333251953,0.504012311299642
img_0306,1,1,0.21355899132129272,0.5700273513793945,0.5434782409667969
img_0307,2,1,0.014233747919721646,0.7626990509033204,0.12959360281626384
img_0308,0,0,0.0,,
img_0309,0,0,0.0,,
img_0310,0,0,0.0,,
img_0311,0,0,0.0,,
img_0312,1,1,0.04306322210048093,0.44907297134399415,0.27385236104329425
img_0313,0,0,0.0,,
img_0314,0,0,0.0,,
img_0315,0,0,0.0,,
img_0316,0,0,0.0,,
img_0317,0,0,0.0,,
img_0318,0,0,0.0,,
img_0319,1,1,0.050252411112189296,0.5007094955444336,0.3339762878417969
img_0320,0,0,0.0,,
img_0321,0,0,0.0,,
img_0322,1,1,0.2737150247304118,0.5349339675903321,0.5206187184651693
img_0323,0,0,0.0,,
img_0324,0,0,0.0,,
img_0325,0,0,0.0,,
img_0326,1,1,0.08251854100107157,0.5168192863464356,0.3648581059773763
img_0327,0,0,0.0,,
img_0328,0,0,0.0,,
img_0329,0,0,0.0,,
img_0330,1,1,0.045974127801251596,0.5207333374023437,0.30451758702596027
img_0331,1,1,0.11770432897806167,0.5117081260681152,0.45298721313476564
img_0332,0,0,0.0,,
img_0333,1,1,0.029026246767130216,0.4736001968383789,0.5458374786376953
img_0334,1,1,0.07404203650120568,0.45455928802490236,0.38393238067626956
img_0335,0,0,0.0,,
img_0336,0,0,0.0,,
img_0337,1,1,0.012043235465246835,0.4204124069213867,0.20468923568725586
img_0338,0,0,0.0,,
img_0339,0,0,0.0,,
img_0340,0,0,0.0,,
img_0341,0,0,0.0,,
img_0342,1,1,0.03442983105128078,0.43036039352416994,0.21901521682739258
