image_uid,category,category_p,p_cat_face_person,p_cat_animal,p_cat_landmark_place,p_cat_landscape_nature,p_cat_object,p_cat_vehicle,p_cat_food,p_cat_scene_with_people,p_cat_cartoon_art,attr_famous,attr_face_visible,attr_single_object,attr_indoor,attr_natural,attr_text_present,attr_colorful,attr_emotional,attr_child,attr_smiling,fine,fine_p
img_0000,face_person,0.9332768,0.9332768,0.02544413,0.0013797439,0.0013372299,0.01805946,0.0017979953,0.0047558355,0.008091075,0.0058576935,0.8448273,0.9951037,0.98342705,0.6900131,0.8425484,0.19436303,0.40504003,0.086727336,0.022786446,0.43338138,tv host,0.41418618
img_0001,face_person,0.9440684,0.9440684,0.010433402,0.0013577925,0.001713068,0.017671915,0.0011209573,0.006494206,0.013336661,0.0038036678,0.9486815,0.99914527,0.94870263,0.7424848,0.8000105,0.83799994,0.34160134,0.19961315,0.090370744,0.1325334,tv host,0.41964057
img_0002,face_person,0.97670335,0.97670335,0.0067282286,0.000409655,0.0010040163,0.0040783323,0.0010259006,0.0008734216,0.007834593,0.001342431,0.70883256,0.9989157,0.9907273,0.34441328,0.85838926,0.31500086,0.6871993,0.5246392,0.035740476,0.2578012,actor,0.1933618
img_0003,face_person,0.9549042,0.9549042,0.010571004,0.0010146948,0.0024374714,0.009280304,0.0027881912,0.0010654903,0.01564825,0.0022904433,0.93661076,0.994638,0.96039385,0.36721754,0.52751714,0.19185054,0.51430833,0.4269034,0.24107665,0.25726655,actor,0.69308853
img_0004,face_person,0.89846426,0.89846426,0.04204851,0.0033386594,0.010771282,0.013098571,0.006115265,0.0018872549,0.011297986,0.012978306,0.83276165,0.9158148,0.97049487,0.4815443,0.4215695,0.08902286,0.6009671,0.70831114,0.05149042,0.12266642,musician,0.5504354
img_0005,face_person,0.7343644,0.7343644,0.0258793,0.011623582,0.002948874,0.041315183,0.0035063927,0.0050844983,0.12635154,0.04892628,0.21395944,0.9872097,0.855416,0.39543825,0.23103358,0.24633956,0.8419033,0.42262888,0.023702046,0.052079897,fictional movie character,0.5312599
img_0006,face_person,0.9132805,0.9132805,0.020383626,0.0018284795,0.0018600567,0.017164046,0.0046609645,0.005621274,0.02997997,0.005221128,0.8025528,0.9850697,0.98062736,0.21199995,0.41214326,0.5799009,0.53006834,0.54303795,0.055469826,0.37583888,actor,0.67058396
img_0007,face_person,0.7167802,0.7167802,0.02467307,0.002370939,0.000747606,0.050740507,0.011970484,0.0045264084,0.09485073,0.093340136,0.18674015,0.92465645,0.73814446,0.8652138,0.15959463,0.18438053,0.32697576,0.89371467,0.024490573,0.0429871,politician,0.23829177
img_0008,face_person,0.57629603,0.57629603,0.03135011,0.002828439,0.0016617294,0.029395198,0.004004892,0.003786588,0.2907431,0.05993384,0.50162935,0.9861829,0.9482176,0.76703167,0.27971548,0.27818477,0.6296879,0.6581288,0.041978206,0.04547727,fictional movie character,0.81569976
img_0009,face_person,0.70451444,0.70451444,0.027352285,0.0059786625,0.002777898,0.07924344,0.008971082,0.005159191,0.11980439,0.046198666,0.25387508,0.9719425,0.98035,0.5863702,0.09667996,0.78772616,0.66142845,0.35700864,0.24441828,0.088976465,politician,0.4776158
img_0010,face_person,0.85739404,0.85739404,0.015315182,0.0056700176,0.0013150781,0.06256479,0.007148637,0.004552903,0.033862922,0.012176533,0.19344419,0.93269473,0.6737713,0.54524744,0.117085606,0.7569529,0.5042209,0.46466953,0.060434867,0.027268974,politician,0.6571682
img_0011,face_person,0.90755254,0.90755254,0.023411008,0.0046985634,0.0017552127,0.026775198,0.0060379216,0.0023110637,0.023870835,0.003587627,0.46993405,0.9458858,0.847136,0.57829237,0.19293316,0.752062,0.20106398,0.5643048,0.12526588,0.08784036,politician,0.7502555
img_0012,scene_with_people,0.50802714,0.04780241,0.4136917,0.011351839,0.003680801,0.005816061,0.00249471,0.002922174,0.50802714,0.0042131827,0.8566445,0.3354469,0.44594845,0.19110347,0.47047812,0.01850997,0.4740933,0.68792003,0.010768413,0.29160574,dog,0.6228585
img_0013,face_person,0.94128376,0.94128376,0.009130031,0.0015705709,0.0005240844,0.015240748,0.003577104,0.0014121725,0.02353116,0.0037303069,0.29919675,0.9824326,0.9748198,0.31633586,0.11072142,0.9099217,0.49085194,0.53288335,0.2477961,0.7919075,politician,0.44165793
img_0014,face_person,0.93325144,0.93325144,0.014249273,0.00694221,0.0006173172,0.014653105,0.0013795698,0.0012647527,0.01091378,0.016728597,0.42255536,0.9322625,0.93805087,0.6563968,0.2973157,0.24372645,0.013271464,0.4101415,0.10123782,0.03826416,politician,0.23962805
img_0015,face_person,0.8826027,0.8826027,0.041414965,0.0026966548,0.0029639788,0.01851768,0.0050134268,0.005067002,0.025282828,0.016440839,0.95882034,0.98460126,0.9485796,0.5526161,0.43129504,0.37468162,0.8069885,0.7477498,0.15472765,0.08937477,musician,0.32451788
img_0016,face_person,0.8873823,0.8873823,0.047837798,0.0013989703,0.0025091833,0.014542279,0.002074239,0.0022841885,0.0024626467,0.039508384,0.8411785,0.9429703,0.96519643,0.5996472,0.36510777,0.3520212,0.10086512,0.72776914,0.37666792,0.9741943,musician,0.47713783
img_0017,scene_with_people,0.48063296,0.30585754,0.03305454,0.017732147,0.025087263,0.07831539,0.012915663,0.030370185,0.48063296,0.016034272,0.85887843,0.3867702,0.63866276,0.5662945,0.6244873,0.6195486,0.11556827,0.19866012,0.064352624,0.14005458,couple,0.83387804
img_0018,object,0.8377268,0.117655315,0.0068126246,0.002034909,0.0033465868,0.8377268,0.0024103273,0.0028732966,0.020804545,0.006335511,0.21913639,0.9922691,0.9801471,0.12750676,0.07313807,0.9527001,0.21397805,0.3847067,0.05865764,0.10910919,phone or computer,0.31987843
img_0019,face_person,0.32207632,0.32207632,0.08916143,0.011939785,0.0047321836,0.25065538,0.054114945,0.011024271,0.19063254,0.06566319,0.53181016,0.62805593,0.9931931,0.7622285,0.20784897,0.5467755,0.04369712,0.80564594,0.48268625,0.45278782,scientist,0.97266483
img_0020,face_person,0.83557755,0.83557755,0.017069448,0.0043105176,0.0018709284,0.11032647,0.0032413797,0.004324517,0.018924525,0.0043545794,0.18954101,0.98812675,0.99150014,0.15984525,0.12856358,0.8818047,0.35226226,0.508372,0.2466765,0.44278896,scientist,0.48572728
img_0021,face_person,0.8605451,0.8605451,0.06440917,0.0075342567,0.001758411,0.007792941,0.002083331,0.0029541287,0.037125677,0.015796974,0.88929474,0.94761336,0.62931424,0.8750671,0.5370376,0.5825991,0.9102001,0.37810647,0.027952947,0.09510739,athlete,0.83623004
img_0022,face_person,0.8474554,0.8474554,0.04774746,0.0049051107,0.0041429526,0.046068378,0.0050932076,0.00935545,0.018607484,0.016624568,0.7209362,0.9504919,0.8365762,0.43184063,0.18912295,0.7717195,0.7204697,0.38946304,0.053367082,0.4754407,athlete,0.77662086
img_0023,face_person,0.9395928,0.9395928,0.015984396,0.00084590196,0.002267822,0.01816185,0.0012694375,0.0078600515,0.0059278635,0.008089936,0.8336177,0.99621636,0.9490557,0.37502757,0.82760406,0.7744968,0.22364683,0.0756896,0.06072361,0.9193889,tv host,0.6638204
img_0024,vehicle,0.98192596,0.0014558448,0.0076135024,0.0012103035,0.0005562797,0.005281843,0.98192596,0.00038070744,0.00028433293,0.0012913751,0.79076517,0.46354952,0.89270824,0.82854277,0.3592495,0.65431124,0.487184,0.1572283,0.13051295,0.7274282,car,0.82270986
img_0025,face_person,0.61319375,0.61319375,0.17100812,0.0062012067,0.022923768,0.1492527,0.0060942583,0.009458147,0.011471413,0.010396642,0.11945808,0.93809175,0.8050327,0.040818814,0.7337773,0.46031064,0.8626385,0.12264301,0.017855192,0.08567087,scientist,0.47639728
img_0026,object,0.97070944,0.014345265,0.0041400264,0.0010490231,0.00039606311,0.97070944,0.0037435207,0.0034653023,0.00029798268,0.0018533397,0.44052282,0.7384094,0.9868951,0.24755655,0.1392836,0.8825351,0.14410484,0.026779408,0.06463007,0.57731247,phone or computer,0.6623902
img_0027,face_person,0.94619936,0.94619936,0.025460718,0.0011474441,0.0013684134,0.013499821,0.0021777612,0.0025274812,0.004997273,0.002621681,0.8936048,0.9975731,0.9800362,0.75589716,0.44321722,0.31958362,0.27047193,0.13695745,0.03351794,0.06039525,tv host,0.47801736
img_0028,face_person,0.4843231,0.4843231,0.05009546,0.00030906362,0.0008606636,0.12870765,0.013119379,0.31079733,0.00280582,0.008981502,0.13977297,0.99555993,0.90502596,0.914435,0.6125736,0.31708747,0.8735116,0.59608513,0.99657273,0.8632467,baby,0.7094734
img_0029,face_person,0.94388384,0.94388384,0.019515544,0.0015036433,0.0010642009,0.018312605,0.0047148047,0.0027991845,0.0050290124,0.0031771048,0.83916306,0.9694882,0.9357177,0.65178615,0.5357726,0.28120428,0.17456274,0.15115745,0.049284633,0.54091537,actor,0.5792543
img_0030,landmark_place,0.74941343,0.046952825,0.004410286,0.74941343,0.008439077,0.09955377,0.026281243,0.009391639,0.04852798,0.007029721,0.42451215,0.79348654,0.92325944,0.114910185,0.040217318,0.9737761,0.23408572,0.12156491,0.08627098,0.18082656,politician,0.5768707
img_0031,face_person,0.4746637,0.4746637,0.036813084,0.0070237825,0.0108389845,0.038633607,0.027941091,0.015201277,0.124717,0.26416743,0.15292771,0.8646876,0.18940713,0.81286323,0.44352368,0.7575027,0.97181296,0.28981274,0.7719355,0.51086825,painting or artwork,0.57010865
img_0032,landmark_place,0.8759631,0.004715638,0.0028635308,0.8759631,0.059566047,0.008318728,0.008461098,0.0053114793,0.03075604,0.0040443228,0.7284541,0.26753074,0.519249,0.32151657,0.04553676,0.81335306,0.95802206,0.38561547,0.03500528,0.61172456,casino or theme park,0.84930736
img_0033,face_person,0.6404142,0.6404142,0.03873689,0.0056512738,0.004612215,0.14444092,0.010965616,0.02923763,0.10588143,0.020059787,0.17010777,0.9932847,0.94681484,0.7958395,0.32600942,0.88743705,0.32079968,0.13721219,0.08565264,0.047070663,scientist,0.76117504
img_0034,food,0.97427994,0.005328049,0.0027121191,8.118998e-05,0.0006331123,0.012582952,0.000204803,0.97427994,0.0021826767,0.0019950937,0.271355,0.3460171,0.973142,0.6734392,0.44517758,0.82904917,0.8045068,0.4570075,0.24799168,0.9029499,dessert or baked goods,0.49743822
img_0035,landmark_place,0.94005185,0.006008366,0.0026254065,0.94005185,0.014131659,0.017052148,0.0028971608,0.0004161308,0.006209553,0.010607789,0.3782289,0.15543568,0.5348726,0.052241717,0.06909789,0.73390424,0.53354794,0.30209902,0.027438924,0.42133367,famous monument,0.8567244
img_0036,vehicle,0.64678615,0.06423929,0.10407694,0.0067204265,0.00672467,0.020215409,0.64678615,0.009348023,0.13196342,0.00992567,0.37646505,0.31699622,0.22476487,0.513699,0.27369457,0.82583404,0.78520215,0.6701215,0.10505782,0.29167587,bicycle or motorcycle,0.3293971
img_0037,food,0.757768,0.02285805,0.0039248005,0.00046150314,0.00076160504,0.029672394,0.00037984736,0.757768,0.17728177,0.0068920245,0.4990382,0.78655267,0.8220748,0.9167522,0.59772164,0.49467057,0.8025722,0.5604092,0.79836464,0.68135047,kitchen or household item,0.4836743
img_0038,face_person,0.9497017,0.9497017,0.023781301,0.0014149979,0.00071072567,0.0153412465,0.0007784875,0.0029723353,0.0032365848,0.0020626616,0.44600216,0.97965664,0.9010449,0.64464945,0.5181338,0.3446782,0.2854579,0.11843964,0.059582673,0.0321058,politician,0.5304976
img_0039,face_person,0.89363116,0.89363116,0.026293874,0.0049295817,0.0030213005,0.03134104,0.0029802292,0.0035001135,0.025094336,0.00920839,0.33747044,0.9625709,0.92115647,0.4294027,0.18111944,0.8266552,0.5918421,0.33063957,0.034429125,0.01466448,politician,0.77802855
img_0040,animal,0.7614575,0.14781275,0.7614575,0.00439897,0.004397552,0.044265956,0.0088633625,0.01767211,0.0037265911,0.007405221,0.525873,0.7757751,0.8881424,0.28075153,0.6536401,0.14584354,0.547861,0.3716812,0.06241558,0.2825962,horse,0.9768659
img_0041,food,0.88369375,0.0036533072,0.0025043215,0.0024101976,0.0030358522,0.06225189,0.0010887653,0.88369375,0.03726288,0.004099118,0.85160923,0.18742618,0.8988739,0.8455813,0.36937684,0.5497761,0.87842065,0.05192541,0.04621356,0.34349394,dessert or baked goods,0.90453374
img_0042,scene_with_people,0.9217209,0.0067110225,0.006689106,0.001903648,0.0019344082,0.0067594666,0.009207728,0.0042028157,0.9217209,0.040870838,0.643968,0.4282572,0.43551043,0.054863583,0.61288047,0.26751053,0.61088705,0.7895682,0.05314455,0.75103235,boat or ship,0.40495214
img_0043,landscape_nature,0.7126186,0.011758563,0.004654371,0.20945011,0.7126186,0.013243804,0.036526743,0.0009504914,0.0092824,0.0015148536,0.12593599,0.27371654,0.94863313,0.011977428,0.4712703,0.59401184,0.8704812,0.65041614,0.08244982,0.34112236,famous monument,0.42549485
img_0044,animal,0.7097193,0.08960177,0.7097193,0.005712579,0.01016842,0.11132313,0.016249523,0.04378802,0.009661979,0.0037752585,0.53461725,0.6607391,0.9939063,0.1907614,0.6052437,0.33757448,0.29702088,0.15525624,0.030733587,0.6145802,farm animal,0.9472593
img_0045,animal,0.80400264,0.023630474,0.80400264,0.0017402122,0.000931552,0.0998176,0.00991139,0.011588517,0.033862393,0.014515226,0.75773245,0.8391672,0.9956689,0.038336106,0.5826886,0.6271778,0.121960394,0.3706951,0.0796302,0.8094888,dog,0.6886791
img_0046,food,0.89704937,0.008479422,0.001489232,0.00036270014,0.00067497644,0.084828556,0.0003888667,0.89704937,0.0060159764,0.0007109292,0.8799169,0.6474661,0.99690896,0.94185597,0.58345926,0.6181909,0.082672596,0.029824762,0.0540623,0.575492,cooked meal,0.36027873
img_0047,face_person,0.7393592,0.7393592,0.0911648,0.0040864823,0.0015466448,0.026716683,0.004879977,0.0074412324,0.10197187,0.02283308,0.36245733,0.92595613,0.9676567,0.772725,0.33331454,0.021957755,0.57511413,0.6411964,0.08864678,0.67317575,fictional movie character,0.511932
img_0048,face_person,0.41004083,0.41004083,0.033740472,0.06387009,0.0069630854,0.24897097,0.058003496,0.0071979705,0.15190636,0.019306686,0.44807673,0.6308106,0.964328,0.15256438,0.040359285,0.62689674,0.17412728,0.47499454,0.21812758,0.39591807,scientist,0.31143412
img_0049,vehicle,0.32928073,0.053229693,0.022377552,0.13274664,0.019731931,0.32448438,0.32928073,0.016111951,0.08682107,0.015216074,0.70137686,0.61826694,0.91667557,0.08255767,0.04163446,0.8565901,0.90204394,0.74656475,0.13770247,0.15930678,airplane or spacecraft,0.47639635
img_0050,landscape_nature,0.6990086,0.051479638,0.04665466,0.08639027,0.6990086,0.045691323,0.014172179,0.008116401,0.035508096,0.01297878,0.40243798,0.19537719,0.86652523,0.0008765456,0.50706005,0.6678077,0.83719844,0.49358973,0.04489662,0.44196415,bridge,0.7174514
img_0051,animal,0.8535877,0.08514229,0.8535877,0.0010500151,0.0007622249,0.040461507,0.0015801757,0.013735439,0.0012319807,0.0024487502,0.42991734,0.781108,0.92408365,0.36512235,0.77923816,0.45261154,0.36689228,0.40887544,0.03282938,0.28957608,cat,0.5716179
img_0052,animal,0.8449104,0.06999247,0.8449104,0.0016080873,0.0010777917,0.038015362,0.0069027273,0.019548262,0.008343399,0.009601528,0.8540429,0.9492048,0.97273636,0.23087367,0.74022204,0.15788123,0.9680567,0.38789365,0.20510581,0.9431641,dog,0.7018872
img_0053,face_person,0.6999435,0.6999435,0.020441936,0.0013955504,0.00040479822,0.054548543,0.0052362126,0.06567987,0.112380706,0.0399689,0.12425553,0.9731853,0.96621746,0.96039814,0.15607575,0.2939734,0.83306986,0.8001268,0.1572139,0.053814888,fictional movie character,0.6386004
img_0054,face_person,0.8152914,0.8152914,0.013789165,0.00069759134,0.0010765668,0.015537767,0.0012427255,0.0043194084,0.14667639,0.0013690256,0.45598438,0.9689798,0.95311886,0.4587602,0.7416203,0.19087361,0.44251698,0.3179352,0.05884729,0.94730985,actor,0.33094466
img_0055,face_person,0.9092856,0.9092856,0.019395055,0.0011818745,0.00077982707,0.020139107,0.0064434167,0.0031467942,0.035273172,0.0043552294,0.73813856,0.993005,0.96814895,0.5742185,0.30847618,0.5983649,0.2331541,0.092180066,0.044046346,0.26813477,actor,0.53490895
img_0056,face_person,0.49388167,0.49388167,0.08574523,0.008455973,0.0014837941,0.023260124,0.0032267056,0.0037814346,0.3343377,0.045827355,0.70835644,0.7585662,0.93397325,0.89712405,0.3896268,0.08865556,0.11361492,0.8931859,0.08045605,0.046596162,fictional movie character,0.6119821
img_0057,face_person,0.8702893,0.8702893,0.021377845,0.0038979875,0.009327646,0.045340877,0.0025498907,0.009094851,0.029902773,0.00821888,0.86710256,0.9793488,0.9239658,0.33308318,0.82742405,0.5896338,0.73805785,0.12456782,0.072790645,0.5748955,musician,0.1709685
img_0058,face_person,0.94889647,0.94889647,0.008216345,0.00065974955,0.00025052068,0.0078071267,0.0022825978,0.0027197772,0.025442723,0.0037247622,0.91412383,0.99380624,0.9633097,0.27816448,0.67411673,0.15831943,0.725436,0.40037104,0.046200708,0.16305774,actor,0.31775862
img_0059,face_person,0.8309328,0.8309328,0.023338579,0.007609224,0.002419538,0.034078438,0.0060874536,0.0020104256,0.086432464,0.007091142,0.2827985,0.93953395,0.9725848,0.48648685,0.10338667,0.88020927,0.62989336,0.6001019,0.11928524,0.40688634,politician,0.7885161
img_0060,face_person,0.871656,0.871656,0.021116847,0.008942733,0.0014969881,0.065664746,0.0041910787,0.01608564,0.0074700085,0.0033758837,0.47638693,0.99489284,0.95590335,0.5818369,0.15152809,0.80090195,0.33272994,0.50251436,0.07378407,0.9753298,athlete,0.94271743
img_0061,face_person,0.71367216,0.71367216,0.09107009,0.005745908,0.0020463492,0.013357268,0.0057739005,0.008154689,0.025102263,0.13507742,0.9031462,0.8298809,0.8412007,0.6858344,0.2774351,0.93466467,0.7787137,0.15210775,0.028263593,0.14049233,athlete,0.9132594
img_0062,face_person,0.90256286,0.90256286,0.017491229,0.0019318964,0.0021269757,0.008545495,0.0078656655,0.0035583742,0.051123373,0.00479411,0.90772605,0.99018174,0.9137907,0.1239228,0.5586694,0.49907348,0.6611251,0.22587685,0.076931566,0.08188151,actor,0.3220314
img_0064,face_person,0.50889456,0.50889456,0.051994085,0.0024226615,0.0006769953,0.02165374,0.0060750353,0.008869303,0.3721874,0.027226213,0.46894452,0.96520597,0.82630813,0.2904039,0.31406367,0.17023543,0.724278,0.19313489,0.072992876,0.85930926,fictional movie character,0.36471307
img_0065,face_person,0.64793295,0.64793295,0.07486418,0.0116193835,0.008981539,0.12757412,0.020587042,0.015422453,0.0850735,0.007944766,0.11594546,0.9524294,0.86716175,0.76962334,0.73482853,0.81333226,0.12345578,0.078206494,0.040208265,0.7532274,scientist,0.695883
img_0066,object,0.7614123,0.058217127,0.027173428,0.0010894215,0.0018229628,0.7614123,0.004058066,0.03796586,0.09292306,0.015337694,0.31443197,0.39306143,0.9433272,0.9148417,0.3011007,0.3158501,0.9964211,0.45114985,0.13572176,0.58273876,kitchen or household item,0.7416952
img_0067,food,0.97470504,0.0032923582,0.0017913766,0.00079139066,0.00055003725,0.012628869,0.002162363,0.97470504,0.0032980838,0.0007805343,0.6313852,0.58614767,0.77200943,0.6917171,0.2271966,0.78590804,0.885199,0.23882502,0.022284769,0.3833608,cooked meal,0.5226248
img_0068,face_person,0.66541684,0.66541684,0.026568027,0.0031199206,0.0008249852,0.027964668,0.0072113774,0.013306095,0.20509294,0.050495114,0.37127194,0.9870554,0.9290743,0.57313764,0.21533751,0.5710034,0.003835552,0.77643067,0.76354057,0.03589904,fictional movie character,0.38657644
img_0069,face_person,0.8501238,0.8501238,0.025956241,0.0017491422,0.0022669672,0.033775866,0.0023046704,0.012487955,0.010579183,0.060756154,0.8068187,0.98100054,0.79753613,0.6389493,0.73729306,0.7833129,0.18365653,0.088452816,0.10864636,0.8727957,tv host,0.45357183
img_0070,face_person,0.897827,0.897827,0.015870871,0.002127957,0.001153482,0.03248569,0.0019147166,0.0021285412,0.03669194,0.009799828,0.107204854,0.9006843,0.8799101,0.8457562,0.28075072,0.86877966,0.80522656,0.35892686,0.047801938,0.06517111,politician,0.8395002
img_0071,object,0.96468717,0.0028454293,0.0029717358,0.0020095194,0.0076109013,0.96468717,0.0009756252,0.006192294,0.0064337864,0.006273586,0.21761113,0.73948056,0.9569659,0.718761,0.50883347,0.7606059,0.5764712,0.15350702,0.19632283,0.42290956,watch or jewelry,0.8206229
img_0072,vehicle,0.80416965,0.0070603923,0.007981131,0.04029189,0.0006205621,0.0891019,0.80416965,0.015410024,0.031718377,0.0036461195,0.47309804,0.7940193,0.9405038,0.15656602,0.06319584,0.99285406,0.77904356,0.3096015,0.04054311,0.52822685,truck or off-road vehicle,0.48406538
img_0073,landscape_nature,0.2893417,0.09731892,0.08478194,0.011921618,0.2893417,0.20540851,0.023728017,0.12316679,0.13418706,0.030145463,0.07717764,0.2169591,0.41949743,0.35172498,0.91061735,0.6026692,0.9994429,0.12580293,0.10543483,0.37115797,flowers,0.98498976
img_0074,object,0.9156795,0.024750168,0.013564947,0.0015123436,0.0019983125,0.9156795,0.020667946,0.008614876,0.0023721727,0.010839804,0.2995196,0.86428124,0.99874,0.61811256,0.19027252,0.9828783,0.22130959,0.052854583,0.1453173,0.32714325,musical instrument,0.8729854
img_0075,cartoon_art,0.8978355,0.045977432,0.020447826,0.0010529769,0.004568204,0.0065764324,0.0005898098,0.0028544266,0.020097394,0.8978355,0.6016279,0.6944897,0.8529154,0.15856484,0.8794373,0.20597354,0.64609486,0.46415055,0.031253766,0.19703372,fictional movie character,0.8743838
img_0076,scene_with_people,0.9661067,0.0064618746,0.0032987033,0.007423867,0.002213585,0.0046154694,0.0022859387,0.006054343,0.9661067,0.0015394826,0.5418753,0.10786364,0.7485484,0.047618218,0.22590585,0.34538293,0.637197,0.43536738,0.013741156,0.22303112,musician,0.44115657
img_0077,object,0.9384572,0.023263989,0.013540964,0.0012011001,0.003992796,0.9384572,0.010122059,0.007164771,0.00091994274,0.001337131,0.12330827,0.9261008,0.9985886,0.6947571,0.43494266,0.64949745,0.9461745,0.51050794,0.116900004,0.3003951,watch or jewelry,0.87485105
img_0078,face_person,0.8751134,0.8751134,0.023212831,0.0045754043,0.0026116103,0.050376922,0.006229004,0.009432058,0.018984575,0.009464171,0.16970855,0.950615,0.7523038,0.48970464,0.1057544,0.9393779,0.39738193,0.13985234,0.07610028,0.10441184,tv host,0.69065493
img_0079,face_person,0.96172494,0.96172494,0.011971563,0.0012780338,0.0008442311,0.0056824726,0.0035264303,0.0010991126,0.011831594,0.0020416188,0.91485,0.9902159,0.950618,0.1486844,0.5613022,0.23846358,0.3303834,0.16698399,0.02376086,0.7416141,actor,0.54855704
img_0080,object,0.82650304,0.1366707,0.006246064,0.0009145556,0.00501938,0.82650304,0.0009059668,0.0119985,0.0026874593,0.009054473,0.4893443,0.990669,0.68723327,0.5844028,0.7137205,0.705281,0.9923105,0.14505905,0.08400699,0.13794836,clothing or bag,0.45102143
img_0081,animal,0.75665015,0.21292043,0.75665015,0.0020285198,0.0025410408,0.015555908,0.0016661373,0.0021416245,0.0022389817,0.004257139,0.66240543,0.94505876,0.9249171,0.31406245,0.8733769,0.17188251,0.79733497,0.4739587,0.10658846,0.53613406,marine animal,0.1574072
img_0082,scene_with_people,0.5550239,0.123303525,0.008709503,0.005810573,0.0024751592,0.062335886,0.17711398,0.009325612,0.5550239,0.05590194,0.13467185,0.9518354,0.97352874,0.85346514,0.25114694,0.5079444,0.26948363,0.91326755,0.12300817,0.022978052,couple,0.42257282
img_0083,face_person,0.90145725,0.90145725,0.014332658,0.0010706993,0.0013279702,0.04376196,0.0025033157,0.0047739386,0.026419124,0.004352918,0.8458641,0.93261075,0.96304786,0.16028167,0.8507849,0.6195985,0.72631305,0.46283576,0.03751534,0.66701347,actor,0.27947718
img_0084,scene_with_people,0.4732019,0.3404395,0.042389214,0.0062923552,0.004852007,0.05188051,0.017849274,0.0095264595,0.4732019,0.05356884,0.6693127,0.8601876,0.9602323,0.13504125,0.07434731,0.31398562,0.48558205,0.91877925,0.059120003,0.14503373,fictional movie character,0.54494387
img_0085,scene_with_people,0.44449794,0.34984198,0.016551698,0.0014033924,0.007684169,0.04495572,0.013544007,0.053473875,0.44449794,0.06804723,0.16874428,0.9568432,0.93755686,0.7543895,0.7417413,0.6259081,0.6260429,0.7486668,0.16314626,0.19220181,couple,0.78791314
img_0086,object,0.37602627,0.112932414,0.08362114,0.027662138,0.14066063,0.37602627,0.017363464,0.18321303,0.04170414,0.016816733,0.10215048,0.23466994,0.7654362,0.24547939,0.7552036,0.46481615,0.9874249,0.05783779,0.084356666,0.5288723,flowers,0.9796522
img_0087,animal,0.95891374,0.029029956,0.95891374,0.0007137266,0.0011209408,0.0037510968,0.00049335626,0.0022657667,0.0011782073,0.0025331958,0.74684185,0.9884306,0.9388202,0.10625436,0.8986028,0.7233431,0.91004795,0.4482338,0.017240774,0.7421813,big cat,0.9480381
img_0088,scene_with_people,0.8412386,0.050384812,0.030177582,0.00094590423,0.0016061214,0.030985989,0.02102263,0.010001614,0.8412386,0.013636677,0.32442433,0.21053444,0.5543381,0.7624082,0.20960267,0.49071607,0.045397848,0.5971547,0.055268206,0.41745514,musician,0.3718056
img_0089,animal,0.38784042,0.18050432,0.38784042,0.0042032553,0.034178175,0.24227557,0.032073025,0.08801794,0.0078853145,0.023021981,0.3827622,0.895512,0.9199088,0.22508374,0.9227202,0.748311,0.998379,0.23726891,0.04097241,0.6340119,flowers,0.43942162
img_0090,scene_with_people,0.5514128,0.19499296,0.09425538,0.0062156427,0.01792942,0.044240274,0.05954542,0.006995503,0.5514128,0.024412515,0.7371426,0.30858076,0.68664885,0.62139285,0.15799892,0.18370084,0.06421197,0.71161574,0.05743687,0.49777365,musician,0.23628068
img_0091,face_person,0.8839819,0.8839819,0.03310368,0.0027503744,0.002950361,0.038757235,0.013113172,0.006548122,0.014638262,0.00415675,0.15509646,0.9911356,0.86681706,0.8097495,0.5527133,0.37775984,0.18228076,0.07639813,0.07038866,0.6358238,scientist,0.93549126
img_0092,face_person,0.62436295,0.62436295,0.33367255,0.0007967484,0.002079292,0.01320724,0.0025671371,0.0036081872,0.0033424932,0.01636351,0.29692176,0.99552613,0.91537535,0.7729946,0.8198055,0.33344382,0.5251201,0.22147167,0.10344538,0.026681058,primate,0.97968423
img_0093,animal,0.82592297,0.092579946,0.82592297,0.00078554865,0.0038757985,0.058234062,0.0016259803,0.010680054,0.0015888568,0.004706725,0.41791347,0.9522114,0.9182606,0.24851066,0.952312,0.469734,0.8732135,0.3089341,0.03253296,0.07652662,marine animal,0.3399386
img_0094,object,0.30845836,0.20026068,0.16471362,0.033271458,0.014504206,0.30845836,0.058244843,0.024407472,0.050097026,0.14604233,0.34679705,0.17249477,0.9737732,0.8266205,0.61445415,0.50206137,0.95123625,0.34621567,0.26498938,0.6771234,logo or sign,0.23952197
img_0095,animal,0.9039971,0.07395267,0.9039971,0.00037223168,0.004398454,0.010695447,0.0011822393,0.0025902244,0.0008507331,0.0019607646,0.58250314,0.9784792,0.94594735,0.2059938,0.94577336,0.6649186,0.30826628,0.4014554,0.0066384696,0.4993844,dog,0.49904737
img_0096,landscape_nature,0.3483927,0.09044563,0.32199678,0.035007175,0.3483927,0.07224321,0.07324021,0.015795292,0.020117007,0.022762014,0.74553484,0.4275274,0.93400604,0.027757196,0.7453159,0.6498834,0.30926567,0.7496858,0.03336369,0.13699488,bird,0.62100786
img_0097,animal,0.84144604,0.06056799,0.84144604,0.0026509233,0.009418042,0.028120138,0.02214073,0.0056409477,0.012834618,0.017180547,0.64745826,0.8866129,0.7335234,0.10561649,0.78428453,0.733838,0.26272175,0.779783,0.05459233,0.8653801,wild mammal,0.28390008
img_0098,animal,0.80318123,0.031013018,0.80318123,0.0074452674,0.03610262,0.03969956,0.017226841,0.008306589,0.037394073,0.019630864,0.38325214,0.38497448,0.86015266,0.20976862,0.9008325,0.16551721,0.17490351,0.8300624,0.7228516,0.6069668,marine animal,0.41763315
img_0099,animal,0.7896866,0.071485765,0.7896866,0.0028440808,0.055166632,0.047655404,0.0066065337,0.0051498176,0.0051540625,0.016251087,0.21624675,0.7412272,0.9541399,0.7003095,0.67277944,0.3705888,0.70644367,0.51749754,0.09689072,0.6428351,marine animal,0.9359903
img_0100,animal,0.8775474,0.035595413,0.8775474,0.0006971683,0.014091577,0.051897816,0.00207427,0.01154759,0.001957787,0.004591054,0.4721092,0.37096968,0.9649061,0.12964249,0.8866583,0.49029568,0.9992767,0.24427532,0.044388447,0.5204516,reptile or amphibian,0.8219129
img_0101,animal,0.78372806,0.12556963,0.78372806,0.0020217851,0.0015429796,0.067035384,0.0021635634,0.008059508,0.00365581,0.006223262,0.6486316,0.89468026,0.9923773,0.79425627,0.62627333,0.7038585,0.42323127,0.34218156,0.009421183,0.11925037,insect or spider,0.91783035
img_0102,animal,0.91506207,0.052362867,0.91506207,0.0009471089,0.005291635,0.005852683,0.0028141104,0.004796925,0.0012879021,0.011584744,0.5877791,0.91190344,0.54491687,0.17161065,0.90058124,0.3660283,0.7372738,0.71875286,0.05362998,0.3029015,big cat,0.91087157
img_0103,animal,0.6782613,0.07956823,0.6782613,0.004562824,0.03355695,0.13309194,0.01193968,0.03005479,0.021296194,0.007668113,0.5769285,0.7424856,0.9797147,0.4887433,0.83305055,0.8371832,0.25839907,0.23843828,0.009288263,0.7976292,marine animal,0.9843577
img_0104,animal,0.5276123,0.106321685,0.5276123,0.013133052,0.017129479,0.22207451,0.025274431,0.06439849,0.011025881,0.013030153,0.7182715,0.67512864,0.9840426,0.104682356,0.7827001,0.75770265,0.7663353,0.14670622,0.041961253,0.5234865,marine animal,0.48685917
img_0105,animal,0.5301506,0.21238698,0.5301506,0.0044250344,0.01078188,0.109901145,0.010102997,0.0725166,0.019151393,0.030583415,0.48368174,0.9282893,0.8920817,0.3649561,0.86030793,0.14271893,0.99971765,0.3255737,0.083056584,0.5174066,reptile or amphibian,0.8194354
img_0106,animal,0.73097914,0.08215152,0.73097914,0.0020596888,0.0034840165,0.116145134,0.019361548,0.01121912,0.004615105,0.029984776,0.51228327,0.8193313,0.9899131,0.9444644,0.7448282,0.9039937,0.32937065,0.6732475,0.03134016,0.31664526,scientist,0.3343204
img_0107,animal,0.39360088,0.121705554,0.39360088,0.0023086206,0.0074359477,0.25833166,0.02448018,0.10397626,0.035444148,0.05271672,0.6968806,0.86404026,0.7891642,0.3208317,0.7473247,0.6242958,0.98932064,0.37554005,0.03513521,0.7215344,insect or spider,0.32949635
img_0108,face_person,0.64252,0.64252,0.05115671,0.0022124802,0.0002507321,0.019868108,0.0042584008,0.0027771478,0.14399865,0.1329577,0.03485322,0.84373045,0.79777384,0.88581294,0.15695733,0.35136798,0.015698327,0.7240555,0.0667593,0.18521035,fictional movie character,0.4361207
img_0109,face_person,0.90881306,0.90881306,0.04264884,0.0014189297,0.0017719124,0.013257331,0.004774446,0.004619439,0.016687484,0.0060086227,0.68213224,0.9266996,0.7394893,0.56322926,0.27711403,0.4240444,0.48439482,0.62387425,0.08277999,0.43065467,politician,0.6788605
img_0110,face_person,0.5487752,0.5487752,0.07311428,0.0026662117,0.017750988,0.026846346,0.0044658734,0.012137349,0.046373416,0.26787028,0.6807443,0.93225235,0.8494126,0.21129918,0.47665054,0.18665007,0.19612819,0.41974875,0.069645725,0.019597933,fictional movie character,0.41258046
img_0111,vehicle,0.54979867,0.0056710993,0.015169211,0.0007118388,0.0017475039,0.41556823,0.54979867,0.0016678105,0.00086657825,0.008798998,0.29645768,0.8521596,0.85721016,0.24658434,0.15438174,0.9233739,0.1438444,0.11759409,0.06671072,0.29904923,bicycle or motorcycle,0.9829358
img_0112,landmark_place,0.9121457,0.00592066,0.0031888436,0.9121457,0.0050328276,0.018356761,0.0038801024,0.0051744147,0.042888265,0.0034123515,0.32833293,0.1690988,0.9802224,0.19733295,0.07849959,0.8750948,0.73351747,0.20251217,0.24493963,0.5055301,temple or church,0.7817728
img_0113,landmark_place,0.773667,0.042839594,0.010042144,0.773667,0.048115533,0.0770158,0.011933941,0.0052227695,0.019799637,0.0113635585,0.3847279,0.118494615,0.94740885,0.1067064,0.09907112,0.55178887,0.3839011,0.8843548,0.31256545,0.3631699,famous monument,0.66796464
img_0114,face_person,0.5547751,0.5547751,0.27718377,0.005504005,0.004961777,0.04621025,0.016075207,0.010613761,0.0622919,0.022384293,0.8744672,0.8760459,0.8587658,0.44435376,0.4137052,0.6369069,0.29522038,0.8240215,0.05100042,0.1528252,musician,0.44469255
img_0115,face_person,0.98292476,0.98292476,0.006183822,0.00049302744,0.00052266114,0.0035128335,0.0010741118,0.00083541416,0.0026266484,0.0018267529,0.63269204,0.9912305,0.981737,0.5143589,0.6227278,0.46225068,0.38029715,0.26524654,0.05887846,0.24542357,elderly person,0.70921797
img_0116,face_person,0.9584354,0.9584354,0.008090339,0.0009110063,0.0023334376,0.015486613,0.00055580353,0.0037347372,0.0047222944,0.005730391,0.49130765,0.9876715,0.86112404,0.54206795,0.90222955,0.16460404,0.6911942,0.05117017,0.038210645,0.031043673,actor,0.31600022
img_0117,landmark_place,0.8958449,0.013580805,0.0036328782,0.8958449,0.01702057,0.024564002,0.008008756,0.0038424085,0.028006619,0.0054990537,0.7233385,0.12053846,0.88816965,0.16948478,0.08656779,0.7403182,0.8123376,0.1725454,0.08098666,0.1990725,famous monument,0.88161284
img_0118,face_person,0.87856644,0.87856644,0.02348886,0.0036510858,0.0008749396,0.020353677,0.0021684181,0.012146204,0.051643007,0.007107299,0.7495068,0.6953769,0.7890147,0.45393357,0.889391,0.17150411,0.74855983,0.5747002,0.08625971,0.73521894,actor,0.38238138
img_0119,face_person,0.94727576,0.94727576,0.012678596,0.0016419179,0.0035833109,0.013158482,0.0031949994,0.002208747,0.013564296,0.0026938173,0.8227787,0.9904896,0.97131693,0.18648335,0.18244685,0.3731764,0.6042484,0.58002174,0.055788565,0.1597236,actor,0.61356974
img_0120,face_person,0.56941247,0.56941247,0.13596582,0.0050162985,0.0012269755,0.07381709,0.0034680015,0.041229457,0.05721348,0.11265042,0.7014472,0.5167036,0.9250278,0.9077856,0.5384192,0.528801,0.80810153,0.45124194,0.17829041,0.28254285,fictional movie character,0.5011164
img_0121,face_person,0.86285776,0.86285776,0.019954631,0.001434142,0.0004270186,0.019635411,0.0041988567,0.0072834934,0.07381661,0.010392111,0.72569114,0.9513756,0.97925603,0.20991027,0.42847112,0.60753995,0.1346074,0.3055014,0.043101408,0.26095995,actor,0.54105496
img_0122,face_person,0.94346166,0.94346166,0.019202922,0.0007879221,0.0009142672,0.0070512085,0.00058326457,0.0025327597,0.00942732,0.016038798,0.8680357,0.9866834,0.98502016,0.7022661,0.3195177,0.6617615,0.3305273,0.6797627,0.4256677,0.12115001,fictional movie character,0.3167026
img_0123,landmark_place,0.85789376,0.013055529,0.0034797466,0.85789376,0.072597675,0.028653348,0.008693525,0.0025180257,0.010678441,0.0024298942,0.5298564,0.42695704,0.9646621,0.061247345,0.03487434,0.43266863,0.7002118,0.37338212,0.06345549,0.38032866,bridge,0.89291674
img_0124,landmark_place,0.98878914,0.001176779,0.0005540738,0.98878914,0.0035577123,0.0035817747,0.0005310952,0.00026138016,0.0010291889,0.0005189814,0.52490747,0.43508047,0.9553118,0.0716338,0.18088788,0.95389926,0.3981806,0.0838722,0.03081443,0.77507794,famous monument,0.8618257
img_0125,landmark_place,0.4715452,0.20128758,0.031282037,0.4715452,0.07871718,0.12571676,0.033960417,0.0051615294,0.038139414,0.014189923,0.05275289,0.7826622,0.93405366,0.03299974,0.5079554,0.8077715,0.85373396,0.5624136,0.21852307,0.27530968,famous monument,0.9166422
img_0126,face_person,0.9583279,0.9583279,0.0065805004,0.00068542594,0.00036765335,0.007866099,0.0013243393,0.002403376,0.016537886,0.005906896,0.83737755,0.99141896,0.9766936,0.33925018,0.40491638,0.5750027,0.17091383,0.22286065,0.060018707,0.40509704,actor,0.5126988
img_0127,scene_with_people,0.6557828,0.034699973,0.008526948,0.034322076,0.0029378443,0.02712641,0.23221585,0.00202692,0.6557828,0.002361142,0.76867723,0.14032081,0.57676876,0.025957933,0.15450104,0.2568378,0.7007812,0.5043043,0.07003268,0.25713208,airplane or spacecraft,0.8682841
img_0128,landmark_place,0.93021613,0.008098514,0.003043687,0.93021613,0.009374787,0.029187463,0.004142767,0.001927977,0.0096668415,0.004341806,0.32553017,0.4901298,0.92837983,0.03434812,0.04205882,0.57553494,0.72984225,0.41069117,0.046888,0.6687227,bridge,0.9511386
img_0129,landmark_place,0.9708038,0.0017941474,0.0007854991,0.9708038,0.017489605,0.0020534173,0.000532893,0.000504053,0.0048416676,0.001194925,0.80999714,0.034070782,0.74500984,0.056012742,0.0892947,0.5318762,0.92125326,0.4533493,0.06251902,0.6882066,skyline or city at night,0.86313075
img_0130,landmark_place,0.68206877,0.01901365,0.012110317,0.68206877,0.01721371,0.12936299,0.07805631,0.030350769,0.018797906,0.013025598,0.2805509,0.3336308,0.98970735,0.3575088,0.13346153,0.74362427,0.36951277,0.20251988,0.0891281,0.6423273,temple or church,0.49648896
img_0131,landmark_place,0.71554446,0.019198788,0.009088328,0.71554446,0.12887987,0.022541113,0.015032586,0.013478025,0.035484545,0.040752277,0.68845457,0.2772092,0.70903563,0.08329061,0.19977105,0.71775436,0.9429426,0.47165385,0.02959389,0.47950223,temple or church,0.20962225
img_0132,landmark_place,0.6375851,0.008451649,0.005971186,0.6375851,0.26804948,0.013420186,0.013119389,0.007454785,0.044739377,0.0012089416,0.3391343,0.45112482,0.8138495,0.0584206,0.3226489,0.7901011,0.6510404,0.7041959,0.13740379,0.23586485,temple or church,0.49822724
img_0133,landmark_place,0.8841056,0.005138076,0.0029298218,0.8841056,0.08857558,0.0048253033,0.0032265438,0.0011327228,0.008636985,0.0014293281,0.39103433,0.31647775,0.66742593,0.023732562,0.1501091,0.5309871,0.9377346,0.33027285,0.037093937,0.6183543,famous monument,0.48216304
img_0134,face_person,0.86654466,0.86654466,0.01599232,0.0030026678,0.0039241654,0.04401427,0.010622139,0.00981593,0.041648276,0.0044355732,0.6268445,0.982702,0.9522247,0.7688627,0.46320283,0.41993457,0.30888483,0.37923914,0.06171409,0.0558693,actor,0.46113893
img_0135,face_person,0.9355743,0.9355743,0.0107242325,0.0014663369,0.0012775818,0.012210859,0.004745452,0.0019139929,0.027854715,0.004232479,0.6411113,0.98436815,0.92159706,0.30247357,0.3155279,0.31564322,0.060516693,0.23336971,0.015249221,0.09139841,politician,0.2668165
img_0136,face_person,0.9485252,0.9485252,0.018612513,0.00070917397,0.00040623156,0.012300712,0.0021816075,0.0016749536,0.010204498,0.0053849365,0.8937707,0.99130476,0.89186865,0.6976548,0.40434387,0.9467577,0.39669153,0.4146317,0.10421011,0.033427045,athlete,0.6761913
img_0137,face_person,0.8358553,0.8358553,0.07278854,0.0013091182,0.0010533123,0.0306243,0.009897488,0.007573008,0.03182954,0.009069342,0.77937204,0.6940059,0.923486,0.41277468,0.51321536,0.26719895,0.6553425,0.66838753,0.06414186,0.838907,musician,0.46337825
img_0138,animal,0.5558838,0.32720447,0.5558838,0.0034500498,0.00705435,0.06976771,0.011034602,0.007920383,0.005578194,0.012106386,0.53144735,0.9840352,0.9792454,0.2637312,0.79199994,0.73104584,0.69288516,0.67618906,0.034529008,0.030544493,bird,0.5142627
img_0139,animal,0.9219739,0.052739576,0.9219739,0.0019768279,0.002102124,0.010992913,0.0042946027,0.0018540495,0.0012210191,0.002844944,0.8669645,0.9340754,0.98364925,0.26328442,0.9020579,0.24786152,0.2543787,0.32844064,0.05710158,0.49455807,wild mammal,0.32258043
img_0140,animal,0.7930165,0.08945384,0.7930165,0.003351249,0.020478051,0.04214674,0.011550971,0.016181685,0.009738142,0.014082884,0.39835203,0.7863436,0.7962671,0.0635476,0.8476257,0.7616532,0.9997422,0.14193033,0.005260672,0.24288507,bird,0.74005824
img_0141,animal,0.7079343,0.17846814,0.7079343,0.0049397317,0.003339395,0.03191413,0.0029159621,0.026482483,0.017048843,0.026956992,0.6243056,0.69705176,0.8920254,0.3361761,0.76278114,0.49575195,0.1414124,0.41495627,0.1000758,0.602534,wild mammal,0.1832081
img_0142,animal,0.47123092,0.09115299,0.47123092,0.036600567,0.20327587,0.09363,0.05828308,0.007746311,0.018809656,0.019270632,0.62374806,0.49343386,0.9881121,0.036645234,0.7733201,0.5144808,0.78201544,0.17405215,0.08354947,0.19807386,desert,0.7129073
img_0143,object,0.43544662,0.05877491,0.17617978,0.0074647283,0.040512033,0.43544662,0.009830071,0.07217369,0.11099678,0.08862137,0.6147532,0.44404107,0.9210526,0.7851764,0.6904303,0.62639874,0.95161015,0.4100944,0.16555224,0.356437,marine animal,0.75427526
img_0144,animal,0.9515042,0.032190472,0.9515042,0.0008415468,0.00095647376,0.0071142875,0.00066632044,0.0029349853,0.0013817346,0.002410048,0.43926713,0.90779227,0.9115715,0.14599375,0.8744056,0.22149535,0.4530241,0.18204264,0.014707121,0.0878827,wild mammal,0.32982758
img_0145,animal,0.8379189,0.0503241,0.8379189,0.0033296018,0.06272464,0.01669972,0.003346276,0.0038463785,0.00849208,0.013318293,0.70414984,0.6216953,0.8961513,0.39698508,0.8702503,0.47956747,0.84872925,0.25848937,0.020323692,0.505933,marine animal,0.97019875
img_0146,face_person,0.945669,0.945669,0.005034182,0.0017570477,0.00054281607,0.028966071,0.011881055,0.0016186002,0.0028680784,0.0016631491,0.47365627,0.9944283,0.9293211,0.18972243,0.06885476,0.92755336,0.15530075,0.12812382,0.112023145,0.35804433,scientist,0.53977376
img_0147,face_person,0.534826,0.534826,0.031901743,0.0017869838,0.0005521539,0.07539661,0.004113543,0.017081212,0.2772773,0.057064526,0.55381775,0.9976023,0.99729013,0.8118491,0.32783553,0.26296267,0.67029136,0.66756856,0.72589046,0.061787017,fictional movie character,0.45036024
img_0148,face_person,0.95187396,0.95187396,0.02202962,0.0017678682,0.0011125375,0.013427861,0.0011322516,0.0009492761,0.0060316334,0.0016751285,0.45171762,0.9738975,0.9117675,0.38776046,0.14345068,0.7538721,0.6838242,0.39575797,0.06854345,0.73375267,politician,0.77377415
img_0149,face_person,0.9220662,0.9220662,0.010698265,0.0021396286,0.0017811476,0.0128375515,0.0016615489,0.0018107189,0.038949516,0.008055445,0.9076276,0.9812479,0.9680436,0.4702538,0.587902,0.5549534,0.082569666,0.28348723,0.0672624,0.19947208,actor,0.6340008
img_0150,face_person,0.9002453,0.9002453,0.022993937,0.0023110355,0.002389914,0.023729002,0.005272767,0.0038688753,0.03281777,0.006371475,0.80310017,0.9937816,0.96517664,0.55976015,0.27170435,0.29075935,0.46572727,0.30192414,0.08035083,0.119068414,actor,0.36892545
img_0151,face_person,0.9113371,0.9113371,0.011462219,0.0011070489,0.0023384476,0.024918452,0.0029807428,0.0037788944,0.027194966,0.014882126,0.4165004,0.9612039,0.86356115,0.45445183,0.3935575,0.4525113,0.3070373,0.50692564,0.06526925,0.021670701,elderly person,0.41741833
img_0152,face_person,0.89785624,0.89785624,0.03134899,0.001252241,0.0031286252,0.021955362,0.005141787,0.007625582,0.022851178,0.008840078,0.8080007,0.984118,0.9548538,0.51940566,0.46978772,0.14734945,0.33971423,0.36388656,0.18613492,0.1756684,actor,0.73577976
img_0153,face_person,0.91562855,0.91562855,0.012075984,0.0004378387,0.00095921394,0.007602178,0.0014659669,0.0016497406,0.053268123,0.0069123236,0.76079166,0.964497,0.9533251,0.51156604,0.37125945,0.2821332,0.11114752,0.87274784,0.06420452,0.01813161,actor,0.66317034
img_0154,face_person,0.75781643,0.75781643,0.08308594,0.0047857496,0.0074184383,0.044823468,0.014516787,0.008585701,0.05800732,0.02096011,0.84565187,0.5286018,0.90619653,0.57078284,0.5334397,0.46788496,0.029684622,0.25960523,0.037514444,0.22994934,musician,0.5811189
img_0155,face_person,0.84457403,0.84457403,0.027728902,0.0041608685,0.0026771235,0.04329502,0.0035482903,0.0044724233,0.03472747,0.034815874,0.5397604,0.92941797,0.7755454,0.5562513,0.6140989,0.44404814,0.14102821,0.59176934,0.019799478,0.021936709,actor,0.6505235
img_0156,animal,0.61887074,0.12874524,0.61887074,0.0023669193,0.012767872,0.12411526,0.006744912,0.06881556,0.013988464,0.023585113,0.31167802,0.9068298,0.9054096,0.7810966,0.8388007,0.60120904,0.982312,0.28164014,0.033370826,0.22853391,marine animal,0.70709836
img_0157,food,0.43890592,0.23144294,0.039793734,0.0018471129,0.002961654,0.061487198,0.0015143827,0.43890592,0.2072454,0.014801692,0.8343049,0.97453284,0.9770294,0.8842846,0.8157964,0.31887898,0.81593966,0.32954803,0.06533468,0.1903466,fictional movie character,0.49465245
img_0158,face_person,0.92562824,0.92562824,0.039013572,0.0019874477,0.0009946658,0.010994025,0.0024341755,0.0016315123,0.012952694,0.004363647,0.86444616,0.9927651,0.8991326,0.6322407,0.20666285,0.2683388,0.9650715,0.8854083,0.053877562,0.24190749,musician,0.6802455
img_0159,animal,0.9313466,0.034804646,0.9313466,0.0014312153,0.0026307816,0.016030723,0.0041564736,0.0028539873,0.0017625717,0.0049830233,0.6884263,0.7759064,0.954119,0.083351634,0.9479496,0.41581175,0.9820884,0.17525034,0.02604943,0.06722927,big cat,0.8163493
img_0160,face_person,0.5545615,0.5545615,0.058654267,0.00722535,0.0036646477,0.14871061,0.008141596,0.0061431145,0.056758225,0.15614074,0.27682224,0.29726467,0.68301785,0.4627988,0.17944628,0.57086456,0.94500613,0.22718018,0.029112743,0.057296388,superhero,0.8720942
img_0161,face_person,0.68508726,0.68508726,0.025396537,0.0023602957,0.030451555,0.14259711,0.0042074975,0.024526825,0.01614718,0.069225736,0.41570103,0.8596016,0.90326273,0.5445124,0.6948077,0.6245673,0.68540275,0.1744913,0.089971565,0.033848025,politician,0.08949705
img_0162,face_person,0.4201754,0.4201754,0.067932285,0.053630937,0.0018001492,0.021289056,0.009756101,0.0071538133,0.050664917,0.3675973,0.75604534,0.5745277,0.86191565,0.33829737,0.20689778,0.33581907,0.91003954,0.44302142,0.06828404,0.38729647,superhero,0.42690653
img_0163,face_person,0.9610169,0.9610169,0.010192799,0.0004900285,0.0016659389,0.017836621,0.00080365094,0.0023320548,0.0023238938,0.003338011,0.63665456,0.993779,0.9209716,0.6492816,0.90684605,0.1247841,0.56788045,0.09243993,0.044281535,0.016455058,actor,0.21510778
img_0164,scene_with_people,0.6237653,0.10182261,0.0193882,0.0043034116,0.003013781,0.010129683,0.22611414,0.00570005,0.6237653,0.005762875,0.8607329,0.6816014,0.8240212,0.18610111,0.4879236,0.120785356,0.34743762,0.8787338,0.12813255,0.8887858,actor,0.26629254
img_0165,face_person,0.8260564,0.8260564,0.019461734,0.0026703912,0.0008539847,0.022645656,0.002075059,0.015634691,0.09666178,0.013940332,0.7190547,0.75592214,0.694895,0.58093446,0.90775543,0.14975442,0.67065805,0.47451082,0.054783035,0.62374,actor,0.49806032
img_0166,face_person,0.96622765,0.96622765,0.007087034,0.0013125682,0.0017045026,0.009075042,0.001811871,0.0013310859,0.009796675,0.001653454,0.7758268,0.9963218,0.9782364,0.22019732,0.19604279,0.46080586,0.37323976,0.54383343,0.031442985,0.065949656,actor,0.5260365
img_0167,scene_with_people,0.40853405,0.038858745,0.17474407,0.02217621,0.20105901,0.038069446,0.010473741,0.046798985,0.40853405,0.05928574,0.34722707,0.3198699,0.14727637,0.6432037,0.6337056,0.47105592,0.999252,0.3812799,0.024308646,0.2517842,marine animal,0.77605945
img_0168,cartoon_art,0.41323146,0.40635338,0.034209687,0.008746616,0.001050749,0.074355304,0.01394869,0.004264736,0.043839477,0.41323146,0.73135024,0.5574054,0.9127804,0.3248768,0.086467996,0.5478832,0.25450134,0.58602417,0.060699888,0.08216745,fictional movie character,0.5784923
img_0169,landscape_nature,0.25611505,0.1703811,0.1053617,0.021505544,0.25611505,0.23253536,0.01157275,0.05721701,0.12006663,0.025244882,0.13711219,0.40870902,0.9316298,0.14043453,0.88460714,0.60880303,0.99601966,0.09155946,0.0651035,0.57123274,flowers,0.97334
img_0170,object,0.8084001,0.036587924,0.0136986375,0.0018655276,0.027057912,0.8084001,0.0014381914,0.033251025,0.036867432,0.040833127,0.37637687,0.7548892,0.6335157,0.28600368,0.52906954,0.46982765,0.923778,0.03968795,0.010137098,0.028761001,flowers,0.19799633
img_0171,face_person,0.65084994,0.65084994,0.038506947,0.0017801203,0.0054519237,0.010185573,0.003984675,0.0034630157,0.022932582,0.26284528,0.7514519,0.8387012,0.91916925,0.31119782,0.20262218,0.19004929,0.5958513,0.7080321,0.095947534,0.06191009,fictional movie character,0.8134009
img_0172,object,0.85708946,0.05311463,0.03719616,0.0068841022,0.0010777784,0.85708946,0.00915991,0.013511545,0.021348309,0.00061805727,0.09316301,0.52069914,0.9750022,0.41267622,0.038816705,0.76252633,0.7255055,0.02056164,0.09383454,0.87487805,couple,0.17841884
img_0173,object,0.4031473,0.3555951,0.025186805,0.003263301,0.0060296105,0.4031473,0.010204612,0.032465465,0.030558577,0.13354923,0.44316688,0.916016,0.96382016,0.64491814,0.5944782,0.6403583,0.91681063,0.029996715,0.026263442,0.10225514,painting or artwork,0.21555763
img_0174,vehicle,0.95930785,0.0030997517,0.010399164,0.0014834439,0.012583733,0.010727673,0.95930785,0.0003609626,0.0008817003,0.0011556312,0.7210183,0.5062715,0.934838,0.09019827,0.41035792,0.8188415,0.5609137,0.1739351,0.048678335,0.6896066,truck or off-road vehicle,0.90005434
img_0175,face_person,0.8646919,0.8646919,0.0077760792,0.002168473,0.0013023717,0.013027799,0.0074727363,0.0037334596,0.06213414,0.037693158,0.34513542,0.9831443,0.8469677,0.83349675,0.41217333,0.22193341,0.7578857,0.46217814,0.09748751,0.055423174,fictional movie character,0.526782
img_0176,vehicle,0.8439943,0.004562522,0.0022321665,0.021293845,0.0038719624,0.019493986,0.8439943,0.0020854115,0.100944266,0.0015215,0.34396768,0.72542346,0.7513882,0.5874245,0.06723693,0.8613914,0.6659433,0.53056663,0.057762694,0.4704757,car,0.504234
img_0177,face_person,0.8276583,0.8276583,0.05293545,0.0044410443,0.0033557308,0.027661107,0.0063471766,0.015207363,0.032150485,0.03024334,0.57106125,0.90891665,0.98135823,0.8234213,0.54591084,0.07491954,0.63088304,0.707499,0.08129041,0.06903056,fictional movie character,0.6267328
img_0178,face_person,0.49925962,0.49925962,0.03446659,0.0069722193,0.006904147,0.009218649,0.009289163,0.007947866,0.32717648,0.09876524,0.4264051,0.9054824,0.6489523,0.18939659,0.32936767,0.157356,0.7971491,0.62372386,0.027339283,0.026767477,fictional movie character,0.52449596
img_0179,face_person,0.46767083,0.46767083,0.04862708,0.0035686134,0.00055988366,0.04005825,0.0080406135,0.0020032316,0.07718279,0.35228866,0.83700943,0.6003385,0.8583403,0.5774158,0.12863626,0.41817242,0.86069465,0.40143847,0.031537745,0.05952894,fictional movie character,0.54202384
img_0180,object,0.9243261,0.014112135,0.0034416532,0.0042705624,0.0020374442,0.9243261,0.006491691,0.01131928,0.01765052,0.016350456,0.14972381,0.6230947,0.98606783,0.89305484,0.15739647,0.9785175,0.14827468,0.53855,0.19862248,0.2260236,watch or jewelry,0.284093
img_0181,object,0.983955,0.0025433514,0.0025737241,0.0005505904,8.327367e-05,0.983955,0.0019781135,0.006047517,0.0008004949,0.0014678995,0.53129584,0.6375973,0.9995915,0.3709928,0.18522677,0.51642877,0.22112952,0.07125736,0.0738387,0.42582065,kitchen or household item,0.8111666
img_0182,object,0.93411267,0.019408345,0.0024473676,0.0004055317,0.0002651291,0.93411267,0.00042755224,0.04074013,0.0005337084,0.0016596398,0.29278165,0.8768113,0.9995197,0.88988066,0.29146233,0.92870885,0.024952129,0.052269768,0.023460636,0.09638769,kitchen or household item,0.71890444
img_0183,food,0.62695515,0.0069101662,0.0055171945,0.0004950051,0.00025521585,0.35501394,0.0014730566,0.62695515,0.0009072642,0.0024730298,0.5117762,0.7550078,0.9977429,0.4031996,0.34860745,0.5089884,0.20231357,0.13828304,0.045637585,0.18642664,kitchen or household item,0.633733
img_0184,object,0.9378255,0.019910248,0.0052040326,0.0054515023,0.0014185657,0.9378255,0.008095677,0.003128457,0.0033294437,0.015636558,0.27543566,0.98434204,0.9787264,0.3156622,0.045079853,0.9850927,0.015984142,0.07651448,0.07340734,0.15202264,watch or jewelry,0.99800175
img_0185,object,0.95109993,0.012053439,0.004083321,0.0022329348,0.00061038113,0.95109993,0.00506744,0.015086456,0.0012310193,0.008535081,0.34761018,0.62149787,0.9733927,0.37144116,0.3530691,0.9896792,0.66792613,0.04182728,0.19589554,0.19730334,clothing or bag,0.9972638
img_0186,object,0.94108754,0.00925366,0.012195556,0.0023693265,0.00042503918,0.94108754,0.013907827,0.013761587,0.0040283315,0.0029710815,0.36464983,0.92819613,0.990189,0.32188323,0.24201311,0.9871788,0.05479439,0.12798624,0.023958584,0.30066854,phone or computer,0.9868217
img_0187,object,0.9622597,0.005631356,0.006201893,0.001842861,0.0009666916,0.9622597,0.011694097,0.0027990453,0.0044846507,0.0041196584,0.083628364,0.617455,0.9287521,0.10906546,0.09956986,0.9885245,0.06307276,0.036901284,0.038361143,0.65418226,phone or computer,0.97384745
img_0188,object,0.71615136,0.030175343,0.01654441,0.0062818974,0.001005862,0.71615136,0.019521277,0.04690116,0.15517162,0.008247152,0.50937784,0.3700635,0.9511566,0.91219646,0.35091084,0.47478622,0.9978217,0.03935338,0.05722761,0.4261784,toy or ball,0.97548735
img_0189,face_person,0.70228845,0.70228845,0.106430866,0.0016526157,0.0014222165,0.082061954,0.018539343,0.024215398,0.05329494,0.010094269,0.15896247,0.95723933,0.7015721,0.89071804,0.7304976,0.37219495,0.59303635,0.20609927,0.82760245,0.9694547,child,0.8595057
img_0190,face_person,0.73754996,0.73754996,0.04165633,0.002059252,0.0020481,0.06420371,0.010387531,0.012115171,0.0940134,0.035966553,0.14516339,0.95107794,0.9595554,0.49494806,0.34544373,0.6051608,0.43779156,0.83604616,0.92125714,0.0100313965,child,0.7098954
img_0191,face_person,0.82954615,0.82954615,0.035973508,0.0009993383,0.00055640657,0.038786992,0.005758314,0.012418628,0.007324636,0.06863612,0.23542167,0.9697174,0.9243451,0.85936964,0.5699873,0.19597276,0.007505606,0.64495265,0.9348284,0.02307924,child,0.8011239
img_0192,face_person,0.5183576,0.5183576,0.040525157,0.005431164,0.0026822034,0.13654499,0.012636726,0.014567271,0.1667419,0.102512956,0.25108847,0.9682083,0.98664165,0.7642111,0.24803686,0.5520766,0.47235352,0.6101795,0.8870346,0.24107003,child,0.524792
img_0193,face_person,0.77621955,0.77621955,0.054185104,0.0020592555,0.0013504903,0.060685135,0.009786456,0.006308062,0.080623545,0.008782366,0.2935666,0.97029537,0.95295346,0.22038306,0.21714647,0.48164237,0.598375,0.7744229,0.64812845,0.93923086,elderly person,0.93777347
img_0194,face_person,0.84956616,0.84956616,0.069737166,0.002845519,0.0022323106,0.04101717,0.0017695884,0.0030904552,0.008525732,0.021215882,0.20671569,0.9599832,0.7651015,0.94964314,0.50386995,0.11488923,0.3972262,0.46220374,0.048178297,0.027114684,elderly person,0.22838287
img_0195,face_person,0.4981535,0.4981535,0.007708733,0.0020151052,0.00536842,0.2724787,0.0036059609,0.025416499,0.16595846,0.019294627,0.06763611,0.98015255,0.96667236,0.76806897,0.6639852,0.44975418,0.38137388,0.516777,0.08595831,0.0042870473,elderly person,0.17684992
img_0196,face_person,0.4707424,0.4707424,0.02168099,0.0035701534,0.010383601,0.1381734,0.019701796,0.03370112,0.28723374,0.014812755,0.13317436,0.95965445,0.95474815,0.7039285,0.6246858,0.35063672,0.31415325,0.32563236,0.018561915,0.9430959,couple,0.508519
img_0197,face_person,0.719867,0.719867,0.049701046,0.0014161115,0.0024169087,0.02852453,0.009307182,0.014890547,0.088608965,0.08526774,0.13258803,0.97048336,0.9253581,0.3660664,0.3841718,0.44212082,0.0019612422,0.9650764,0.87221056,0.09095413,child,0.8037484
img_0198,landscape_nature,0.39431933,0.039553184,0.034659233,0.28469115,0.39431933,0.09426156,0.02553195,0.032102153,0.044136297,0.05074517,0.04852549,0.11493774,0.9103895,0.026572056,0.6115882,0.36236477,0.7468905,0.51300806,0.13299282,0.42253438,bridge,0.27989513
img_0199,landscape_nature,0.55384237,0.02777392,0.018388383,0.08591091,0.55384237,0.22934364,0.035044894,0.019498244,0.019148339,0.011049304,0.12116768,0.20567702,0.967155,0.014699688,0.64915913,0.45851064,0.9844395,0.27721146,0.27876076,0.67778486,forest or field,0.6859496
img_0200,landscape_nature,0.43122584,0.03973796,0.07402338,0.22074403,0.43122584,0.0756696,0.05876475,0.03673436,0.0218849,0.041215148,0.26646125,0.09219843,0.8439185,0.029916735,0.60866904,0.2006531,0.98925203,0.71764964,0.21550773,0.7731719,bridge,0.26381212
img_0201,landscape_nature,0.6915321,0.0030347179,0.0026960468,0.26904705,0.6915321,0.006022803,0.013498836,0.0009199539,0.01165823,0.0015902354,0.13318053,0.30407232,0.4182281,0.021103272,0.57311904,0.6613131,0.8245196,0.24188821,0.05656838,0.06447297,desert,0.52018726
img_0202,landscape_nature,0.42058626,0.030654037,0.035338618,0.26808792,0.42058626,0.12978926,0.01745642,0.034164783,0.05111875,0.012804025,0.515214,0.15612021,0.80935454,0.08569851,0.39319384,0.90403014,0.91630745,0.53953767,0.12654273,0.5281955,beach or island,0.31071663
img_0203,landscape_nature,0.9509679,0.004246025,0.0031253928,0.016179794,0.9509679,0.0042896885,0.013393809,0.0017183686,0.0049727294,0.0011062018,0.15534706,0.15169665,0.7776388,0.0059574125,0.6194209,0.23388025,0.9804693,0.4434333,0.1306953,0.4983096,mountain or canyon,0.288331
img_0204,landscape_nature,0.6746779,0.052993733,0.01802055,0.052821476,0.6746779,0.100381814,0.008513246,0.039489385,0.045971204,0.007130702,0.14782481,0.43475232,0.95699155,0.103083126,0.4777897,0.72452325,0.99021894,0.28025225,0.06898731,0.698397,beach or island,0.9956273
img_0205,landscape_nature,0.51532143,0.04362684,0.04308043,0.18993627,0.51532143,0.07823865,0.03987527,0.025992658,0.051358137,0.012570379,0.32096675,0.38582563,0.96507436,0.011409649,0.33458138,0.4906508,0.9803288,0.23121525,0.055830173,0.8163575,bridge,0.43865135
img_0206,landscape_nature,0.812291,0.019922938,0.006914834,0.018180326,0.812291,0.069928125,0.03616093,0.010273559,0.019848332,0.0064798486,0.23405665,0.20455502,0.9681106,0.06527715,0.39608136,0.6407619,0.85356796,0.40637416,0.13380866,0.07884481,desert,0.9853258
img_0207,animal,0.67455375,0.0394709,0.67455375,0.007357707,0.06748712,0.025181998,0.0135719525,0.017644431,0.13664064,0.018091476,0.5025954,0.5684738,0.5939065,0.21464737,0.88081056,0.39438227,0.6756033,0.45637378,0.047279514,0.2028543,marine animal,0.18666974
img_0208,animal,0.90322185,0.04402545,0.90322185,0.0034303197,0.0017255181,0.0295026,0.0012546816,0.010032912,0.0023918503,0.004414753,0.54789406,0.80180645,0.89661527,0.13946159,0.7282337,0.52557856,0.5202559,0.37838462,0.045039065,0.5956065,marine animal,0.273198
img_0209,animal,0.91483045,0.05729731,0.91483045,0.00070103584,0.0051419274,0.008452805,0.0032668435,0.0059037893,0.0012001621,0.00320568,0.2923758,0.8822043,0.7686433,0.17070392,0.9214245,0.37872246,0.7026648,0.7168884,0.03981361,0.14316218,wild mammal,0.31530216
img_0210,animal,0.87030274,0.094206445,0.87030274,0.0038841763,0.0047221826,0.0146546755,0.0025347958,0.003293642,0.0028730836,0.0035282285,0.6518416,0.92618555,0.84203863,0.18822981,0.8457995,0.24544334,0.84560627,0.56519705,0.20838933,0.35853595,baby,0.18216269
img_0211,animal,0.6300523,0.14356795,0.6300523,0.0066362163,0.010690304,0.12025745,0.017101672,0.02723011,0.02428418,0.02017985,0.5555096,0.3455067,0.9319155,0.10609218,0.71238774,0.2790968,0.99880457,0.19031838,0.0034476959,0.51863474,bird,0.67218965
img_0212,animal,0.6727878,0.09363345,0.6727878,0.005140591,0.028892215,0.08296509,0.010195556,0.05481587,0.010959055,0.04061033,0.28831813,0.8851497,0.6474278,0.14564547,0.9289809,0.5760996,0.9535025,0.16539685,0.07643743,0.4547502,bird,0.82787377
img_0213,animal,0.7275507,0.07286738,0.7275507,0.012087229,0.015916055,0.09357285,0.014649949,0.0153033715,0.0070120897,0.041040353,0.3436768,0.1637124,0.92623067,0.93942344,0.40770593,0.5254435,0.41495022,0.87987465,0.08287083,0.67125136,marine animal,0.87319666
img_0214,animal,0.83861375,0.07519504,0.83861375,0.0015031485,0.0009222361,0.052748017,0.002318298,0.023050454,0.00270223,0.0029469032,0.41148728,0.8174923,0.87938505,0.64477223,0.77085054,0.67829823,0.3180076,0.37797153,0.053530548,0.2737643,cat,0.5848384
img_0215,animal,0.82012945,0.066123195,0.82012945,0.001450432,0.004678659,0.08319945,0.003244047,0.010299832,0.006744958,0.004130052,0.37933567,0.38633782,0.83498794,0.052264567,0.81710035,0.3587974,0.4127252,0.55586195,0.064140834,0.27214542,dog,0.4192285
img_0216,vehicle,0.9797651,0.0013844713,0.0043097553,0.001717526,0.0005138803,0.0077541946,0.9797651,0.00056315266,0.0033478476,0.0006438892,0.20776577,0.45820335,0.64676094,0.061580695,0.38052467,0.70981497,0.97067004,0.4493936,0.041681822,0.71088827,car,0.9407414
img_0217,vehicle,0.992597,0.000848905,0.0011412855,0.001021778,0.00039749223,0.0026347667,0.992597,0.00018355426,0.00027261593,0.000902671,0.6654849,0.61655444,0.96561396,0.24066615,0.21281232,0.8094793,0.45250612,0.28468627,0.18148068,0.4625693,car,0.816838
img_0218,vehicle,0.84407735,0.0039823237,0.0023596243,0.0014045365,0.0011034852,0.030767392,0.84407735,0.0010456538,0.114852585,0.00040713052,0.15209864,0.8051898,0.81578976,0.6954698,0.11993036,0.8575173,0.96809095,0.22927997,0.08803525,0.31308287,car,0.8944447
img_0219,vehicle,0.9590632,0.0047689206,0.0070105745,0.00020372568,0.00047598945,0.00483979,0.9590632,0.0034564352,0.019475993,0.00070549984,0.54551744,0.81903154,0.6922009,0.36938834,0.3485966,0.9848492,0.8548454,0.3963547,0.43035588,0.053098504,truck or off-road vehicle,0.8818994
img_0220,vehicle,0.9480103,0.0059980033,0.008356122,0.0005861024,0.004303825,0.0062657674,0.9480103,0.009284823,0.015939917,0.0012550838,0.5276298,0.55175394,0.73648316,0.20984544,0.34925348,0.96088636,0.8294205,0.65565133,0.28690034,0.09729051,car,0.4854116
img_0221,vehicle,0.98723155,0.0027713964,0.002436237,0.00066453917,0.00024495475,0.0038610834,0.98723155,0.00035726468,0.0010775102,0.0013555357,0.377516,0.2587479,0.81369245,0.29575202,0.3200832,0.7456217,0.12405083,0.57430476,0.35346305,0.6877738,car,0.5027266
img_0222,vehicle,0.9416516,0.008849144,0.006251723,0.000778581,0.0016458211,0.036251158,0.9416516,0.0017843869,0.0023421124,0.00044553846,0.20934208,0.852393,0.8279252,0.82645124,0.06127257,0.95717335,0.26802814,0.1154311,0.3187286,0.4560194,car,0.8893398
img_0223,vehicle,0.99170107,0.00056982733,0.0009340316,0.00060303777,2.7087868e-05,0.002752381,0.99170107,0.00020311231,0.002667633,0.0005418003,0.17647442,0.78436685,0.9091844,0.1529161,0.12779649,0.9403998,0.3070645,0.15853684,0.095668785,0.44311652,car,0.9169885
img_0224,vehicle,0.92092526,0.004295638,0.0020205071,0.0003342899,0.0001901128,0.06946958,0.92092526,0.0009089491,0.0013960665,0.0004595492,0.08971142,0.6545058,0.94585925,0.96943843,0.055782832,0.9451886,0.15444848,0.07246075,0.06238679,0.22886227,car,0.851328
img_0225,food,0.9980274,0.00045221896,0.00025509833,1.8892712e-05,3.107411e-05,0.00086087233,0.00014154449,0.9980274,0.0001723486,4.0457453e-05,0.41225603,0.8625881,0.80433625,0.78173345,0.3583057,0.73114145,0.97689986,0.17703032,0.044715073,0.6597311,cooked meal,0.80051774
img_0226,food,0.9529803,0.008604787,0.007213579,0.001153375,0.00055131875,0.026036523,0.0016409061,0.9529803,0.0006194188,0.001199796,0.7495544,0.7508453,0.9900097,0.31937838,0.42039087,0.8749678,0.9441782,0.23734936,0.01177762,0.6783674,fast food,0.62215346
img_0227,food,0.8795305,0.0308694,0.009914708,0.0008815864,0.008643046,0.056386083,0.0035522918,0.8795305,0.0038460826,0.0063764118,0.23346834,0.68076384,0.84526885,0.54542905,0.7875006,0.77710366,0.98007846,0.284764,0.038708966,0.6797653,fruit or vegetable,0.9655325
img_0228,food,0.9287442,0.017141538,0.006116493,0.00070403324,0.0003750392,0.041838128,0.0019269247,0.9287442,0.0022778288,0.0008757942,0.45723847,0.87668926,0.94746375,0.2770529,0.20313726,0.86825454,0.98999536,0.66616476,0.047974825,0.47592926,fast food,0.55978817
img_0229,food,0.9597841,0.0027304399,0.001755911,0.0004775044,0.0006229506,0.031444572,0.0007241351,0.9597841,0.0020609929,0.00039941218,0.1431222,0.66211796,0.83486336,0.697388,0.58210456,0.8394709,0.98080796,0.07727019,0.07242563,0.3213281,fruit or vegetable,0.9425396
img_0230,food,0.99262154,0.001083852,0.0010466294,0.0001346862,0.0004688554,0.0034926496,0.00032712473,0.99262154,0.00025945355,0.00056531356,0.2801226,0.5325282,0.8435876,0.94040996,0.5873233,0.76180893,0.989786,0.19633608,0.06686859,0.79069835,dessert or baked goods,0.7663952
img_0231,food,0.97411555,0.0041481312,0.0021288134,0.00045575586,0.0002020999,0.01538868,0.0004228597,0.97411555,0.0014354959,0.0017025392,0.2788037,0.73797554,0.9603768,0.8272929,0.2980043,0.94909775,0.7710758,0.13316886,0.020186143,0.6236442,dessert or baked goods,0.9295655
img_0232,food,0.95343214,0.009425623,0.004451916,0.00046001506,0.0050206077,0.021566251,0.002201917,0.95343214,0.0023308662,0.0011107067,0.18844585,0.5192652,0.8555891,0.6983367,0.79374033,0.673516,0.9913901,0.053723082,0.06068935,0.5827466,fruit or vegetable,0.9721016
img_0233,food,0.92718995,0.007106116,0.0066066333,0.0014601168,0.0014262851,0.032584738,0.0013750765,0.92718995,0.018173363,0.0040778047,0.4427532,0.106238425,0.06381314,0.50723934,0.2546407,0.8142868,0.976144,0.2267572,0.04134176,0.38340905,dessert or baked goods,0.2555993
img_0234,face_person,0.8203537,0.8203537,0.03507361,0.014901522,0.0036736904,0.06699641,0.017901858,0.0051820185,0.03037899,0.005538274,0.37799078,0.99484575,0.88361865,0.633958,0.2294782,0.8927077,0.2630311,0.32354912,0.06975902,0.027137537,politician,0.9478767
img_0235,landmark_place,0.9375624,0.005777184,0.0035774463,0.9375624,0.019869726,0.021356909,0.0050617787,0.0011861807,0.0028403974,0.002767945,0.6708657,0.33984387,0.98288214,0.085822344,0.0571099,0.62611794,0.9281083,0.22648074,0.13261895,0.27239558,famous monument,0.926315
img_0236,landmark_place,0.95138264,0.0033268146,0.001947128,0.95138264,0.020492325,0.008232375,0.0015933759,0.00077482284,0.008774105,0.003476405,0.31047872,0.3860245,0.44060555,0.0942193,0.10364739,0.6321587,0.9378063,0.33898684,0.010880408,0.33948323,skyline or city at night,0.7690128
img_0237,landmark_place,0.71921784,0.0063670864,0.00533954,0.71921784,0.22997975,0.0131895,0.0038085224,0.00148255,0.017920945,0.0026942412,0.5232505,0.2968059,0.77404374,0.018540591,0.15830696,0.75695604,0.6981024,0.2286819,0.048346683,0.7181637,skyline or city at night,0.26294494
img_0238,landscape_nature,0.35094884,0.040651314,0.06512786,0.2737956,0.35094884,0.108727165,0.036167275,0.04740724,0.040212598,0.036962084,0.5262957,0.21203373,0.8816471,0.15037233,0.251592,0.674076,0.95659727,0.562108,0.066456325,0.7795333,casino or theme park,0.3514563
img_0239,landmark_place,0.9654575,0.0038905279,0.0012770346,0.9654575,0.004467196,0.015604005,0.0015621923,0.0006709314,0.0055464874,0.0015240321,0.41926754,0.33189577,0.9311296,0.0635207,0.033553302,0.7663548,0.45612207,0.32472372,0.03433768,0.27923846,bridge,0.9450665
img_0240,landmark_place,0.81795627,0.011110356,0.0046617785,0.81795627,0.114025734,0.025826441,0.006781308,0.0023082495,0.014235673,0.003094251,0.44187477,0.30020836,0.9503085,0.040349685,0.051473096,0.56297916,0.68384355,0.20764649,0.046737533,0.38915017,bridge,0.88135034
img_0241,landscape_nature,0.6161926,0.0043779886,0.0035550597,0.15620819,0.6161926,0.008454148,0.20261048,0.0011514587,0.004935909,0.0025141395,0.29984623,0.4737585,0.7802383,0.030151272,0.259193,0.42248604,0.9723531,0.3513332,0.04071477,0.25861987,mountain or canyon,0.5482226
img_0242,landmark_place,0.6067011,0.0050565214,0.0056656282,0.6067011,0.25140092,0.033443965,0.012997155,0.0050517395,0.07757556,0.0021075178,0.22478381,0.12624346,0.7604923,0.063051686,0.5232828,0.5466252,0.77268517,0.24250612,0.0654201,0.20739807,famous monument,0.707368
img_0243,landmark_place,0.7664772,0.0074648084,0.008715801,0.7664772,0.07130518,0.08230627,0.012973135,0.0026986233,0.047304105,0.0007548448,0.17427984,0.17508224,0.972329,0.04445265,0.5368517,0.48425815,0.57083654,0.2832037,0.042715017,0.14105132,famous monument,0.9150059
img_0244,landscape_nature,0.93556064,0.0076163826,0.0037143147,0.03774392,0.93556064,0.0036698866,0.006741784,0.00233497,0.0019957775,0.0006223069,0.51742136,0.2193068,0.79608047,0.029022468,0.5723162,0.15036015,0.93055016,0.5486338,0.048277665,0.4003839,mountain or canyon,0.86263376
img_0245,landscape_nature,0.9284302,0.0037829794,0.0018118974,0.051455956,0.9284302,0.0022057046,0.0031176698,0.0009651811,0.007855571,0.00037485233,0.39286533,0.17478548,0.69384015,0.024447642,0.68305415,0.18742937,0.9640498,0.370668,0.03933349,0.11438938,mountain or canyon,0.79918104
img_0246,landmark_place,0.6615607,0.03199835,0.008085607,0.6615607,0.21106228,0.03235085,0.010471558,0.008829178,0.0321459,0.0034955111,0.762022,0.2696237,0.91251254,0.032914095,0.31808203,0.36116034,0.8142232,0.6337327,0.075052634,0.42996827,waterfall or lake,0.97664076
img_0247,landmark_place,0.8776505,0.0074724774,0.007632164,0.8776505,0.013303992,0.034411576,0.011055134,0.007146695,0.040440314,0.0008872546,0.47683752,0.17990479,0.97956055,0.0876248,0.24812438,0.836215,0.6306379,0.14549886,0.11071767,0.37507585,temple or church,0.46907693
img_0248,landmark_place,0.48290485,0.1337688,0.0055103037,0.48290485,0.3028138,0.007122421,0.00608109,0.0006841049,0.038907338,0.022207286,0.35504603,0.44671014,0.28542563,0.021676283,0.5093411,0.32021856,0.7249498,0.20159514,0.01979907,0.041599996,famous monument,0.9761185
img_0249,landmark_place,0.8948346,0.01690079,0.008770876,0.8948346,0.007923312,0.03523133,0.011403303,0.0053983876,0.017753243,0.0017841662,0.593457,0.3494308,0.9439281,0.20937681,0.09296596,0.7866635,0.8753768,0.62251765,0.06488478,0.43323714,stadium or arena,0.5636161
img_0250,object,0.31346828,0.287827,0.02542176,0.14209875,0.0903307,0.31346828,0.05510652,0.010696342,0.06760103,0.007449611,0.3056803,0.3991834,0.9823698,0.1737072,0.12720427,0.79805183,0.30314118,0.456732,0.44487467,0.40951315,space or planet,0.9254954
img_0251,landmark_place,0.97006625,0.0026823608,0.001608087,0.97006625,0.0077192816,0.008180633,0.0014645822,0.00056982145,0.0064488645,0.0012601598,0.48369935,0.22883569,0.8836435,0.087401524,0.07356642,0.92808545,0.57423013,0.4623654,0.038422894,0.65820557,famous monument,0.37893143
img_0252,face_person,0.89288396,0.89288396,0.00817674,0.0013508932,0.0016051099,0.016402064,0.0028173134,0.0012558993,0.002587389,0.07292062,0.19202833,0.9887044,0.9822302,0.49880219,0.58142245,0.50499326,0.844927,0.13553615,0.28324553,0.33751094,painting or artwork,0.6520712
img_0253,scene_with_people,0.24646391,0.10850478,0.03314528,0.16271885,0.030054756,0.16686954,0.11405197,0.015361977,0.24646391,0.12282897,0.40360954,0.09533991,0.8952676,0.059703443,0.082853876,0.77012086,0.40544778,0.8729079,0.0916328,0.21034938,famous monument,0.3561654
img_0254,face_person,0.93326443,0.93326443,0.016491381,0.0014349477,0.0038366274,0.026348783,0.0011526588,0.0029122012,0.005894602,0.008664429,0.85862136,0.9629215,0.91431344,0.80539554,0.8611363,0.17081492,0.012247042,0.42854118,0.03986205,0.009934973,athlete,0.11940731
img_0255,face_person,0.52139556,0.52139556,0.21798603,0.06315493,0.015546959,0.030111304,0.03016695,0.020121485,0.04868084,0.052835893,0.9072776,0.684121,0.7754617,0.6508076,0.32658175,0.5356911,0.64789003,0.21842894,0.023487216,0.3896431,athlete,0.7773264
img_0256,object,0.98281,0.0035702004,0.003456742,0.001942673,0.0013942067,0.98281,0.0012713636,0.0031601277,0.0010721567,0.0013225739,0.100183725,0.82348734,0.99058795,0.12504679,0.076954454,0.9683375,0.21943909,0.03733298,0.038268864,0.75697327,phone or computer,0.70573896
img_0257,face_person,0.8663591,0.8663591,0.03880061,0.009123901,0.00096815603,0.041352693,0.008023285,0.003223542,0.0101979375,0.021950731,0.65495855,0.9757923,0.900074,0.8116002,0.1511068,0.71152455,0.4272931,0.052513983,0.016011227,0.9532784,athlete,0.85872203
img_0258,animal,0.57281655,0.031427875,0.57281655,0.012701256,0.08795206,0.03602976,0.057885915,0.0093621565,0.10273012,0.089094274,0.551845,0.04227043,0.42675126,0.29976216,0.8689053,0.12524225,0.02623658,0.7272133,0.047470786,0.13210003,horse,0.9500839
img_0259,face_person,0.5313954,0.5313954,0.38346657,0.002232144,0.01905068,0.03941964,0.009824084,0.0070550665,0.0026257676,0.004930692,0.32958636,0.8989688,0.9599783,0.10156611,0.5322832,0.79501545,0.8059618,0.85868317,0.07722926,0.08540143,horse,0.94672275
img_0260,vehicle,0.7967211,0.004600653,0.045880187,0.0012380611,0.0013382549,0.04532604,0.7967211,0.011781411,0.086563244,0.0065510175,0.4262222,0.37314248,0.44183713,0.19909073,0.5554287,0.48109287,0.22685887,0.7494008,0.12865144,0.3811062,horse,0.9036747
img_0261,animal,0.6740446,0.034983296,0.6740446,0.020593842,0.006708694,0.05425744,0.016446423,0.0310696,0.1544248,0.007471182,0.68514895,0.106222674,0.6648944,0.29112726,0.62919366,0.1511998,0.29870304,0.34989446,0.03898643,0.6454203,horse,0.77172166
img_0262,animal,0.5404971,0.06581946,0.5404971,0.011185418,0.011056349,0.06385369,0.07436716,0.06765191,0.1582092,0.007359695,0.27515823,0.16403306,0.7240517,0.1843464,0.69231504,0.45689908,0.43707484,0.55471075,0.22460836,0.23441519,horse,0.85506165
img_0263,cartoon_art,0.6611914,0.14491545,0.08618591,0.006478903,0.0012886157,0.037394967,0.006112087,0.0066813654,0.049751353,0.6611914,0.8041077,0.40247697,0.71185523,0.4695996,0.2544033,0.2569077,0.16677873,0.27145985,0.027493896,0.13359989,fictional movie character,0.27477455
img_0264,face_person,0.8991468,0.8991468,0.019207641,0.0036596805,0.0012546749,0.054732617,0.0031328532,0.0037757289,0.011574343,0.0035155625,0.41433868,0.94846416,0.74536794,0.46544915,0.23593155,0.9027654,0.5445119,0.10887469,0.044709697,0.12567104,tv host,0.82269645
img_0265,vehicle,0.9880305,0.0018570117,0.0031306802,0.0007733193,0.00069738564,0.002736556,0.9880305,0.00035633513,0.00063066307,0.001787602,0.6987954,0.78298414,0.93062335,0.2717689,0.22286822,0.69512796,0.5166745,0.43425137,0.09706392,0.094678834,truck or off-road vehicle,0.98860687
img_0266,scene_with_people,0.5970014,0.17656079,0.056169447,0.007596562,0.007316391,0.035654813,0.0022873625,0.014777516,0.5970014,0.102635786,0.609949,0.15009668,0.6162062,0.107700765,0.7517208,0.041809548,0.5693313,0.43617257,0.18881603,0.18329133,fictional movie character,0.2664836
img_0267,animal,0.8715123,0.044947226,0.8715123,0.004101742,0.020902444,0.03131831,0.010415138,0.0028875053,0.0031764132,0.010739029,0.4891703,0.40075666,0.96833885,0.073842876,0.90260106,0.345229,0.46788874,0.12336891,0.027732858,0.19060245,horse,0.2060508
img_0268,vehicle,0.88172555,0.0018407825,0.008389821,0.0021470252,0.00043933242,0.1009577,0.88172555,0.00079020206,0.0021213235,0.001588186,0.38695616,0.9821686,0.98787224,0.21324368,0.025734434,0.94846,0.85022664,0.08805363,0.023205837,0.26088896,truck or off-road vehicle,0.9677311
img_0269,vehicle,0.99497604,0.0007288057,0.0018883169,0.00034084378,0.0004259251,0.0012099666,0.99497604,9.2500966e-05,0.00018305397,0.00015468059,0.77805537,0.54191834,0.8236794,0.13250577,0.14368498,0.112140074,0.16650696,0.28099114,0.11086855,0.45350528,truck or off-road vehicle,0.9661596
img_0270,vehicle,0.97032565,0.0015113993,0.0044600954,0.0024269568,0.0003562977,0.016469518,0.97032565,0.0014107983,0.0014204349,0.0016188216,0.6929384,0.8031642,0.9503838,0.24835931,0.15657257,0.96970356,0.587694,0.25022542,0.023950337,0.28146768,truck or off-road vehicle,0.885905
img_0271,vehicle,0.9710023,0.0028650505,0.0014926103,0.0003637664,0.0002211153,0.021391435,0.9710023,0.000462712,0.0009993254,0.0012016656,0.1754859,0.73576444,0.5834755,0.51875854,0.072372474,0.9726557,0.9971003,0.15598683,0.2310407,0.3022756,car,0.5606971
img_0272,vehicle,0.9530069,0.003648299,0.019110836,0.0014666424,0.003334192,0.016410684,0.9530069,0.00054801593,0.00087253586,0.0016018848,0.7746343,0.33855402,0.8979508,0.07559011,0.3813109,0.6596202,0.8924094,0.10757435,0.06480822,0.89444226,truck or off-road vehicle,0.9179177
img_0273,animal,0.38553837,0.064923115,0.38553837,0.010829976,0.022437556,0.056041036,0.00978739,0.10387535,0.33710542,0.0094617605,0.63126755,0.59318864,0.8515,0.09388614,0.57027435,0.29810885,0.6960528,0.1621573,0.012420812,0.25503114,farm animal,0.9483498
img_0274,landmark_place,0.8139203,0.023629606,0.006455246,0.8139203,0.018306028,0.027674854,0.0044889012,0.0056088744,0.087258086,0.012658105,0.59839517,0.18393292,0.6345977,0.006419681,0.26152536,0.9884899,0.82362586,0.26082277,0.028179115,0.7327039,logo or sign,0.75420266
img_0275,vehicle,0.9734441,0.0013588914,0.002393172,0.0015597875,0.00067553006,0.018444749,0.9734441,0.0009181698,0.00087430084,0.00033123503,0.38948664,0.7290954,0.9815964,0.59960514,0.2263705,0.9195969,0.27495894,0.09491976,0.027496548,0.4082855,car,0.9682521
img_0276,vehicle,0.2816834,0.028814541,0.075467214,0.19947538,0.16409618,0.11018283,0.2816834,0.016116822,0.1148306,0.009333058,0.6054765,0.102092244,0.5815556,0.096166305,0.08215162,0.8696095,0.60663956,0.08748964,0.012467388,0.40534344,casino or theme park,0.686108
img_0277,object,0.288446,0.03340674,0.025239633,0.17712304,0.010580026,0.288446,0.27123415,0.022472326,0.13062973,0.040868383,0.6226225,0.20889258,0.65029943,0.51691365,0.10071905,0.61362875,0.09200241,0.58532757,0.049042735,0.2851176,airplane or spacecraft,0.28043884
img_0278,landmark_place,0.40382496,0.012037775,0.011282654,0.40382496,0.06326923,0.20084457,0.096832246,0.01411022,0.15426421,0.043534134,0.73632985,0.2599878,0.6398292,0.22137007,0.11332347,0.2585961,0.14829901,0.18707377,0.030246345,0.48355407,airplane or spacecraft,0.3430393
img_0279,vehicle,0.93821245,0.0034514472,0.012156164,0.001230459,0.00021602592,0.038904324,0.93821245,0.0023064902,0.0024166554,0.0011059741,0.5245203,0.4750878,0.99856395,0.039254576,0.2352686,0.9078861,0.27443376,0.03779464,0.07135157,0.37917718,truck or off-road vehicle,0.6168329
img_0280,face_person,0.8609987,0.8609987,0.017420754,0.003726999,0.008248767,0.06616781,0.016016183,0.0022192446,0.020535044,0.004666446,0.6139773,0.9899446,0.9742886,0.6061447,0.19420955,0.41177088,0.51574045,0.39500746,0.14587513,0.028909808,scientist,0.17872848
img_0281,face_person,0.8225312,0.8225312,0.0429439,0.0034475522,0.0020870576,0.04989177,0.0047062626,0.01503335,0.038147483,0.021211265,0.5486107,0.9529849,0.97949666,0.86567366,0.5720417,0.33404058,0.5097544,0.6968318,0.055387534,0.038925517,fictional movie character,0.60925907
img_0282,scene_with_people,0.64189595,0.17274976,0.042851154,0.0031605,0.0023859937,0.040504623,0.0045842873,0.055512555,0.64189595,0.036355298,0.7352509,0.8014619,0.8258807,0.8588035,0.39931834,0.64903706,0.7988775,0.36712492,0.10411952,0.10776513,tv host,0.2730359
img_0283,face_person,0.80526674,0.80526674,0.064256184,0.00267693,0.004686595,0.05327137,0.028497363,0.016655594,0.013028192,0.011661102,0.68330973,0.9542549,0.87014294,0.7663363,0.81374514,0.67758197,0.21035032,0.33224773,0.116742566,0.9732573,athlete,0.14604601
img_0284,face_person,0.9497087,0.9497087,0.023483263,0.0009314163,0.0006440274,0.013244518,0.001063644,0.0036429544,0.005655042,0.0016264851,0.8065403,0.9926577,0.96671003,0.23815577,0.56541264,0.32825893,0.29270148,0.048212245,0.35151842,0.40375325,child,0.30776265
img_0285,vehicle,0.97581255,0.0030646236,0.0062072035,0.0029995588,0.004557957,0.005560452,0.97581255,0.0004064412,0.0003451304,0.0010460241,0.7079094,0.577601,0.96831113,0.035969477,0.3000769,0.72340107,0.8432515,0.23653242,0.072243124,0.8123559,car,0.79187274
img_0286,vehicle,0.9185199,0.008495105,0.015243069,0.0016595873,0.0012509936,0.044045664,0.9185199,0.003681864,0.0015386778,0.0055652047,0.339757,0.8199156,0.9323851,0.6977622,0.1830613,0.5332508,0.023088232,0.08047327,0.06429821,0.21161626,car,0.9062933
img_0287,animal,0.85949653,0.07938221,0.85949653,0.0060870224,0.00631955,0.021250578,0.0052432995,0.005326174,0.0086621195,0.008232505,0.69183135,0.9172115,0.9368501,0.114821754,0.76823807,0.5506168,0.52386236,0.4771592,0.012190227,0.34086987,wild mammal,0.6189946
img_0288,animal,0.80448455,0.028234607,0.80448455,0.013153749,0.04307243,0.044972025,0.021753315,0.012721068,0.019835351,0.011772877,0.76951426,0.27103534,0.95840013,0.071925074,0.68640536,0.75760424,0.26705292,0.5511638,0.013149333,0.86240375,marine animal,0.9688511
img_0289,scene_with_people,0.5186672,0.2114919,0.084037304,0.018366948,0.007900957,0.026002327,0.08625068,0.025888013,0.5186672,0.021394724,0.8559841,0.24180745,0.37744114,0.34685752,0.37412858,0.32145998,0.12105541,0.46785265,0.010749897,0.08956045,couple,0.5407745
img_0290,face_person,0.42501453,0.42501453,0.15437019,0.0041995514,0.00293006,0.28415346,0.008030351,0.06883613,0.035300776,0.017164957,0.8990402,0.7637726,0.97826695,0.77368593,0.34274894,0.3101877,0.33029857,0.1889633,0.31408176,0.45791358,tv host,0.638606
img_0291,face_person,0.4758172,0.4758172,0.033157177,0.002903903,0.0015985813,0.08584928,0.005265555,0.044561896,0.33648527,0.014361173,0.64495796,0.8316817,0.8335136,0.7613369,0.6539134,0.5975859,0.7229184,0.6153886,0.02403757,0.30968875,couple,0.45472705
img_0292,vehicle,0.97446775,0.0016880193,0.0012816178,0.00033412344,0.00015312145,0.019224517,0.97446775,0.00092095864,0.0013409406,0.0005890347,0.116569206,0.60916185,0.77989763,0.72449505,0.05218451,0.98162377,0.98596513,0.046963923,0.1532081,0.31702924,car,0.51543885
img_0293,scene_with_people,0.513802,0.008781246,0.002147525,0.0010427088,0.0011464438,0.008147654,0.4558367,0.0013843372,0.513802,0.0077113817,0.8868612,0.39761534,0.90768176,0.68358827,0.19703011,0.5676291,0.7678592,0.7047725,0.10486985,0.36032373,car,0.5949957
img_0294,vehicle,0.9602118,0.002250804,0.014752051,0.00034233168,0.0012177919,0.018742621,0.9602118,0.00084127905,0.00065150147,0.0009898273,0.4216439,0.55951476,0.98707294,0.1701546,0.29656985,0.7635909,0.85428405,0.13064112,0.08741825,0.6177545,car,0.8416419
img_0295,object,0.84796935,0.018449582,0.0072866143,0.0011521778,0.0039425017,0.84796935,0.0023353605,0.046860736,0.054261617,0.017742045,0.58940065,0.7222149,0.5759277,0.3768739,0.24325071,0.58750963,0.18531372,0.02707838,0.008942221,0.016648447,clothing or bag,0.24786541
img_0296,landscape_nature,0.49988678,0.039163493,0.022878485,0.047294818,0.49988678,0.118860625,0.01646226,0.08912953,0.15789902,0.0084250355,0.03500096,0.112293236,0.67570275,0.020302473,0.6005028,0.46769074,0.99913675,0.18766215,0.2982338,0.54605085,flowers,0.807892
img_0297,landmark_place,0.9046187,0.005222809,0.0034313549,0.9046187,0.011913769,0.03002196,0.008202962,0.005740807,0.030375618,0.00047200953,0.24049401,0.50674254,0.93043166,0.0227285,0.14218697,0.89324087,0.9510778,0.3515036,0.21067399,0.40246046,temple or church,0.81129557
img_0298,face_person,0.65903515,0.65903515,0.020235904,0.0015310497,0.014409194,0.22829227,0.0034822396,0.01775701,0.010850004,0.04440724,0.4527386,0.9393211,0.788982,0.62281156,0.5488681,0.8249897,0.8181473,0.16857445,0.05767141,0.018675704,clothing or bag,0.11096073
img_0299,scene_with_people,0.8669696,0.025813783,0.010720857,0.004692904,0.013546204,0.0114870025,0.032995492,0.002041928,0.8669696,0.031732243,0.76439565,0.40382072,0.41216502,0.044641804,0.2998947,0.27586484,0.6700237,0.21930124,0.089121915,0.30677238,fictional movie character,0.3443385
img_0300,scene_with_people,0.7103499,0.015947655,0.03067039,0.0700653,0.006465841,0.10212599,0.031762067,0.013668933,0.7103499,0.01894398,0.76394874,0.152092,0.7679041,0.9317668,0.08341579,0.9991398,0.7937268,0.38986224,0.042606506,0.17069449,stadium or arena,0.9461779
img_0301,vehicle,0.96961516,0.0027597707,0.0022420522,0.0014230734,0.00037335616,0.0036333213,0.96961516,0.00057620875,0.017818667,0.0015583978,0.60050786,0.37606084,0.70323634,0.29345033,0.2206532,0.8622862,0.78846043,0.74747956,0.23057781,0.6256915,car,0.59266007
img_0302,object,0.9515617,0.01260101,0.0026708245,0.0047952174,0.0019158138,0.9515617,0.0044493647,0.0061475704,0.0065694666,0.00928908,0.4287243,0.9510249,0.5696446,0.46548378,0.13268127,0.9865702,0.7347111,0.029276593,0.06542546,0.14386553,watch or jewelry,0.98682016
img_0303,object,0.7546709,0.0481566,0.040796146,0.0126452185,0.0050375243,0.7546709,0.06831456,0.03581795,0.022864407,0.0116967885,0.7175256,0.31861556,0.9230012,0.10064185,0.5043973,0.9652857,0.4832116,0.6755444,0.12164274,0.19252066,athlete,0.89458716
img_0304,scene_with_people,0.3288977,0.12651171,0.039738122,0.07629497,0.25606912,0.059148,0.041580506,0.04884862,0.3288977,0.02291127,0.26024953,0.108999126,0.8235206,0.065456614,0.5356578,0.6762776,0.4618695,0.85962576,0.029794643,0.121137835,forest or field,0.24903078
img_0305,face_person,0.96415085,0.96415085,0.008340552,0.0006746617,0.0011486742,0.00957103,0.0014113473,0.0023044767,0.009891058,0.0025073325,0.7349771,0.99708265,0.98972625,0.10196887,0.7682089,0.22418015,0.7256885,0.229099,0.058366273,0.95084506,tv host,0.22949155
img_0306,face_person,0.9465537,0.9465537,0.0074290386,0.0005431643,0.0013262038,0.018678276,0.0016742737,0.0032295007,0.017681167,0.0028846648,0.6659077,0.99518675,0.9953375,0.16270742,0.5781268,0.5817533,0.5488265,0.25428104,0.11914185,0.2950224,actor,0.75178313
img_0307,scene_with_people,0.8566639,0.034244075,0.016948296,0.004727713,0.0022997346,0.0032651671,0.009118834,0.0040566972,0.8566639,0.06867563,0.897166,0.31540105,0.51269066,0.30726177,0.51265305,0.009217413,0.7518955,0.20032199,0.22915898,0.23726995,fictional movie character,0.43965474
img_0308,vehicle,0.929188,0.00043996604,0.00068847433,0.00022988627,0.0001421826,0.06756856,0.929188,0.0004142735,0.0008255722,0.00050310907,0.20158717,0.76070064,0.67766035,0.37968424,0.046541285,0.9947472,0.34823135,0.18403888,0.06282658,0.53715235,truck or off-road vehicle,0.8623429
img_0309,scene_with_people,0.4151484,0.027855942,0.015073974,0.08980251,0.005778795,0.04141453,0.087921575,0.0029888868,0.4151484,0.31401542,0.642849,0.8310432,0.042033315,0.2391237,0.05175759,0.81407213,0.94760895,0.5107115,0.026723787,0.041194,fictional movie character,0.32648313
img_0310,scene_with_people,0.88402176,0.025352862,0.0068190894,0.003568961,7.594986e-05,0.029536095,0.037047338,0.008076367,0.88402176,0.0055015143,0.06946095,0.6455914,0.71852887,0.9593944,0.017486963,0.9894776,0.9597473,0.8084066,0.16718918,0.33908257,couple,0.22302479
img_0311,cartoon_art,0.33769062,0.20786627,0.04963761,0.007846175,0.003711491,0.17814504,0.039933886,0.011027061,0.16414182,0.33769062,0.07250127,0.1042208,0.87498033,0.72893,0.05171931,0.9189374,0.043898005,0.6207694,0.13082926,0.21023029,musician,0.13419162
img_0312,vehicle,0.450319,0.32205996,0.04953393,0.0059059947,0.031704012,0.04388555,0.450319,0.009126366,0.054546278,0.03291895,0.75327814,0.9062337,0.7171981,0.06622761,0.7567419,0.21859443,0.979123,0.5016527,0.13004915,0.5316435,car,0.18114877
img_0313,face_person,0.6869318,0.6869318,0.07872869,0.005563107,0.0022414094,0.031942964,0.006000646,0.024620365,0.030932141,0.13303882,0.7917849,0.84169716,0.9310186,0.82499075,0.25112364,0.48831576,0.5068927,0.40761614,0.059969664,0.17584302,cartoon character,0.5025233
img_0314,cartoon_art,0.49946305,0.025828151,0.054602012,0.03021276,0.07631981,0.21242265,0.044023912,0.0034993088,0.053628296,0.49946305,0.5662298,0.608281,0.64858896,0.058403816,0.43021467,0.47402814,0.92538536,0.29786748,0.09201803,0.46580747,scientist,0.10811437
img_0315,cartoon_art,0.6713432,0.027766516,0.11810806,0.0026171824,0.021859381,0.013852859,0.010412701,0.0077472483,0.12629282,0.6713432,0.51512116,0.23445694,0.27505326,0.28634304,0.805386,0.5479361,0.018716577,0.88656324,0.08208909,0.34990013,fictional movie character,0.2745592
img_0316,face_person,0.33437157,0.33437157,0.3061853,0.006293398,0.005419198,0.010391467,0.004495493,0.013262932,0.03864354,0.28093714,0.9192996,0.83111817,0.7940071,0.6270716,0.5982091,0.34258872,0.9021302,0.32445398,0.028020866,0.3895651,fictional movie character,0.51897013
img_0317,face_person,0.41375995,0.41375995,0.013919881,0.009299153,0.00055183866,0.19402303,0.008780063,0.0044125444,0.02115314,0.3341004,0.4013587,0.8883398,0.85100776,0.694033,0.14912458,0.47846314,0.7364421,0.1658898,0.10963556,0.9301731,cartoon character,0.6359203
img_0318,cartoon_art,0.41890332,0.19549637,0.21436337,0.004869611,0.0013743623,0.07617891,0.005595627,0.027704442,0.055513952,0.41890332,0.85321546,0.6151253,0.91382307,0.78021604,0.49790862,0.2541165,0.59366816,0.114925705,0.15315938,0.58330905,cartoon character,0.9161889
img_0319,face_person,0.69440293,0.69440293,0.08697938,0.0047807693,0.106565915,0.017294707,0.0014642421,0.004225497,0.016548997,0.067737415,0.5075893,0.95246327,0.64983475,0.18944345,0.868213,0.10746308,0.97929513,0.66696763,0.12058234,0.24924336,fictional movie character,0.14597538
img_0320,landmark_place,0.7504705,0.019215414,0.012058645,0.7504705,0.02550231,0.043224044,0.015756952,0.007452178,0.11461805,0.011701847,0.64994454,0.17712705,0.8426177,0.17443718,0.115021,0.3879258,0.9888868,0.43494684,0.02618308,0.75218755,boat or ship,0.8986126
img_0321,landmark_place,0.8291702,0.010162411,0.01292736,0.8291702,0.02447153,0.046009008,0.036218353,0.016779415,0.015758114,0.008503638,0.4367154,0.2997033,0.8135328,0.30031416,0.059172433,0.8534201,0.96412617,0.39717415,0.03246076,0.5997315,casino or theme park,0.8563767
img_0322,face_person,0.85125464,0.85125464,0.017924782,0.0016529113,0.001344474,0.049636263,0.004100823,0.014879509,0.048388973,0.010817549,0.4856721,0.99722457,0.94495934,0.5859487,0.4450207,0.83950925,0.1322057,0.1240902,0.024916423,0.043102514,scientist,0.34963223
img_0323,animal,0.45500317,0.07478286,0.45500317,0.07329491,0.14125349,0.05140001,0.0040525626,0.02352667,0.087827146,0.08885921,0.35792863,0.33847505,0.46612027,0.17404118,0.39770946,0.16978166,0.3695901,0.20892851,0.03731907,0.22475722,farm animal,0.1973251
img_0324,scene_with_people,0.42719045,0.057372775,0.03348868,0.18589738,0.030998025,0.18352006,0.0352689,0.018162457,0.42719045,0.028101284,0.6276901,0.45438844,0.84910226,0.9926872,0.056740757,0.6849119,0.8479825,0.21767837,0.025250144,0.19485928,casino or theme park,0.99718153
img_0325,landmark_place,0.7487006,0.020910358,0.011548787,0.7487006,0.015562691,0.044076823,0.04252853,0.03884746,0.057326492,0.020498212,0.55981797,0.23949973,0.5710767,0.112200856,0.11650538,0.98902684,0.97717196,0.6914306,0.06609997,0.8380677,casino or theme park,0.46144903
img_0326,face_person,0.90339375,0.90339375,0.021349736,0.0013052467,0.0007231227,0.019206088,0.0026250142,0.0060872044,0.03875121,0.0065585785,0.72311175,0.9252921,0.96488756,0.5768842,0.92259496,0.22328408,0.9133476,0.09181712,0.120982975,0.6894731,actor,0.12524833
img_0327,landmark_place,0.9210771,0.009810959,0.0043487228,0.9210771,0.018072324,0.016557168,0.0075986497,0.0031532058,0.015046776,0.004335199,0.5381865,0.20952527,0.7962891,0.23319913,0.07188879,0.8557005,0.87357336,0.36200038,0.05509607,0.37727445,casino or theme park,0.672615
img_0328,food,0.9299476,0.024642458,0.009921894,0.0024236997,0.00046382836,0.026282394,0.001490856,0.9299476,0.0021232099,0.002704137,0.6146497,0.47345084,0.9718417,0.7790978,0.13322699,0.44559738,0.44966638,0.31404683,0.059847195,0.8622672,cooked meal,0.38344446
img_0329,object,0.77069414,0.06560396,0.051983885,0.011091487,0.0036628617,0.77069414,0.032017853,0.0436143,0.014130489,0.007201046,0.793635,0.74359703,0.9952732,0.44089612,0.23746194,0.96309525,0.62915003,0.151333,0.27569,0.14303099,toy or ball,0.90251315
img_0330,face_person,0.596733,0.596733,0.221804,0.018026372,0.013138763,0.039049305,0.021528825,0.013041466,0.01437174,0.06230654,0.77311033,0.8797405,0.93632877,0.41824758,0.26566532,0.37495697,0.9530903,0.41995966,0.1537992,0.43565482,athlete,0.5585941
img_0331,face_person,0.8446269,0.8446269,0.06841428,0.003763191,0.006756602,0.040286932,0.00469795,0.010449949,0.015630513,0.0053736353,0.8140049,0.94595915,0.98721874,0.08430402,0.2796663,0.7584285,0.94370466,0.8498519,0.08540649,0.2457038,athlete,0.67656064
img_0332,face_person,0.33936018,0.33936018,0.0596225,0.0061981473,0.03741485,0.2806941,0.0270437,0.02398065,0.055061817,0.17062408,0.20084958,0.2762445,0.65444976,0.70372885,0.6677273,0.65033764,0.99809414,0.22223724,0.4227094,0.51603675,painting or artwork,0.22095335
img_0333,face_person,0.5957114,0.5957114,0.066726275,0.0044816253,0.0010321499,0.1871224,0.015768522,0.039872892,0.084095456,0.005189266,0.33790216,0.9325907,0.94227386,0.6955449,0.43125525,0.73533624,0.6265849,0.6522726,0.019515354,0.83846956,athlete,0.9958127
img_0334,face_person,0.62979627,0.62979627,0.13095814,0.0082312245,0.0052676927,0.02707298,0.020792363,0.061861075,0.07552853,0.040491715,0.9207711,0.58353806,0.3750884,0.38951978,0.58017135,0.27986383,0.5183457,0.6564514,0.04839866,0.21937114,fictional movie character,0.18619342
img_0335,landscape_nature,0.679173,0.009725316,0.007802656,0.04163546,0.679173,0.02236395,0.21019539,0.013970972,0.0126566775,0.0024766289,0.22593388,0.13925709,0.9445067,0.0052872086,0.4648987,0.9704149,0.82857853,0.07369118,0.071395956,0.41041884,mountain or canyon,0.5110585
img_0336,food,0.955192,0.0159983,0.0051833475,0.0004763268,0.00023380462,0.019912902,0.0013167318,0.955192,0.00033039917,0.0013562613,0.3533724,0.928667,0.9947137,0.2802542,0.21986017,0.54134536,0.8531559,0.17171887,0.039030045,0.61238486,cooked meal,0.73207927
img_0337,object,0.33285597,0.18297678,0.07250352,0.14983375,0.026107665,0.33285597,0.016159005,0.017747872,0.05499463,0.14682084,0.34737405,0.73386115,0.95924497,0.072680265,0.1743441,0.7331527,0.48961934,0.48738793,0.023907257,0.025561884,famous monument,0.42778906
img_0338,landmark_place,0.88362545,0.014921838,0.0073205736,0.88362545,0.0037069009,0.023818033,0.02108117,0.012692415,0.025921382,0.0069122594,0.34764698,0.111649364,0.922841,0.23300342,0.079394564,0.960975,0.7538349,0.106715135,0.15528075,0.49662024,temple or church,0.977793
img_0339,landscape_nature,0.5536643,0.02596565,0.029560473,0.14826655,0.5536643,0.0871722,0.016298646,0.03388291,0.098166384,0.0070228213,0.54372275,0.18632253,0.7828857,0.019157767,0.18598442,0.7843475,0.8545746,0.13876262,0.12238854,0.4835941,beach or island,0.7054939
img_0340,food,0.98440003,0.0041362904,0.0011768613,0.00041427786,0.00042616017,0.006117999,0.0013480794,0.98440003,0.0017350107,0.00024534808,0.5924534,0.87895274,0.81802773,0.78958625,0.31753165,0.70358366,0.8118136,0.19837184,0.048177682,0.37317774,cooked meal,0.5421762
img_0341,landmark_place,0.94665253,0.007813334,0.0017708858,0.94665253,0.005430742,0.012035766,0.0020359808,0.0034370169,0.019805884,0.0010178132,0.446589,0.36088353,0.97730166,0.119703054,0.050962027,0.8856946,0.96979034,0.48303065,0.14304079,0.62404877,temple or church,0.5167119
img_0342,face_person,0.50338984,0.50338984,0.22884834,0.018194424,0.005334337,0.1375194,0.011447219,0.017539442,0.05316924,0.02455773,0.52233446,0.696386,0.6811476,0.73063874,0.1855318,0.7628142,0.478209,0.60746855,0.058352333,0.326904,athlete,0.818568
